date,tenor,size_bn_jpy,yield,bid_to_cover
1979-08-27,2-Year,200.0,7.387,1.595258999122037
1979-11-19,2-Year,150.0,7.312,1.1587692307692308
1981-02-03,2-Year,150.0,8.433,1.855964467005076
1981-02-16,2-Year,100.0,8.461,1.4066496163682864
1981-07-15,2-Year,200.0,8.067,1.8802035152636447
1981-10-16,2-Year,100.0,8.029,2.409090909090909
1981-10-28,2-Year,80.0,7.994,2.7552693208430914
1982-02-24,2-Year,130.0,7.007,2.289877300613497
1982-06-29,2-Year,150.0,8.089,2.067193675889328
1982-07-14,2-Year,200.0,7.965,1.7624750499001995
1982-10-27,2-Year,250.0,7.926,2.077901430842607
1983-02-04,2-Year,220.0,7.005,1.553415061295972
1983-06-23,2-Year,300.0,7.064,1.6391718698652646
1983-07-14,2-Year,200.0,7.064,1.5823970037453183
1984-01-19,2-Year,410.0,6.328,2.285120938187149
1984-04-24,2-Year,700.0,6.217,1.2262883771929824
1985-01-09,2-Year,240.0,5.918,1.9843104872006607
1985-05-09,2-Year,350.0,6.532,1.3103932584269662
1985-07-05,2-Year,200.0,6.306,1.2481203007518795
1985-09-06,2-Year,150.0,6.187,1.3286384976525822
1985-12-05,2-Year,250.0,6.494,1.1681728880157172
1986-02-07,2-Year,290.0,5.65,1.6388323150033943
1986-06-05,2-Year,300.0,4.583,1.192422731804586
1986-07-31,2-Year,250.0,4.752,1.204144282425173
1986-10-07,2-Year,200.0,4.82,1.3358283433133733
1986-11-11,2-Year,150.0,4.648,1.6179502728926622
1987-01-06,2-Year,200.0,4.477,2.356649395509499
1987-02-03,2-Year,100.0,3.956,3.1749323715058613
1987-07-07,2-Year,300.0,3.646,1.4970039946737683
1987-07-27,2-Year,250.0,4.104,1.0841856805664831
1987-08-25,2-Year,250.0,4.048,1.5646873771136454
1987-09-01,20-Year,500.0,6.07,1.5624452234881685
1987-09-24,2-Year,200.0,4.416,1.3643564356435645
1987-11-18,2-Year,250.0,4.408,1.995490417136415
1987-12-01,20-Year,500.0,6.195,1.348117348117348
1988-02-03,2-Year,73.0,3.9,5.078189300411522
1988-02-18,20-Year,500.0,5.315,2.790684624017957
1988-04-19,20-Year,500.0,5.014,2.7565318366557
1988-06-01,2-Year,200.0,3.843,2.3682432432432434
1988-07-07,2-Year,200.0,4.262,1.9820415879017013
1988-07-21,20-Year,500.0,5.499,1.351797289334119
1988-10-13,2-Year,200.0,4.3,2.3515981735159817
1988-11-01,20-Year,400.0,5.074,2.545369064409967
1988-11-08,2-Year,200.0,4.208,1.8894903022101937
1988-12-06,2-Year,200.0,4.061,2.083861530960507
1989-02-01,20-Year,400.0,5.045,2.2366691015339666
1989-02-07,2-Year,200.0,4.048,1.759511507750117
1989-03-07,2-Year,200.0,4.599,1.5352047860101243
1989-04-05,10-Year,1000.0,4.829,5.349916655981536
1989-04-26,10-Year,700.0,4.859,4.454866034100411
1989-05-11,20-Year,400.0,5.212,1.2892217039037563
1989-06-01,10-Year,500.0,5.126,2.939110070257611
1989-06-28,10-Year,600.0,5.197,2.860833474504489
1989-07-05,2-Year,200.0,4.953,2.6638488314271505
1989-07-27,10-Year,600.0,4.944,4.43098042538768
1989-08-01,20-Year,500.0,5.045,1.5961844197138315
1989-08-02,2-Year,200.0,4.854,2.494441759304012
1989-08-24,10-Year,600.0,4.9,4.619065768856138
1989-08-29,2-Year,200.0,4.832,2.4544117647058825
1989-09-28,10-Year,500.0,5.126,3.172231539360675
1989-10-25,10-Year,500.0,5.191,3.210095982936367
1989-10-31,2-Year,200.0,5.125,1.4614624505928853
1989-11-29,10-Year,500.0,5.315,3.698588402559155
1989-12-05,2-Year,200.0,5.343,1.735924265072247
1990-01-10,10-Year,500.0,6.149,3.63788385527516
1990-01-24,2-Year,200.0,6.494,1.4253393665158371
1990-01-30,10-Year,600.0,6.191,7.220416262084688
1990-02-28,10-Year,600.0,6.424,4.888176217402312
1990-03-06,2-Year,200.0,6.867,1.66283084004603
1990-04-05,10-Year,700.0,6.666,6.00216958958597
1990-04-24,10-Year,800.0,6.691,5.189392740736053
1990-04-26,2-Year,100.0,7.049,2.92025664527956
1990-05-10,20-Year,300.0,6.8,2.936482084690554
1990-05-22,10-Year,900.0,6.269,5.669554942890902
1990-05-29,2-Year,100.0,6.373,3.7401574803149606
1990-06-26,10-Year,800.0,6.498,5.157368121081629
1990-07-03,2-Year,100.0,6.401,2.296692607003891
1990-07-24,10-Year,700.0,6.937,3.7664967277723536
1990-07-26,2-Year,100.0,6.556,1.6899911426040743
1990-08-22,10-Year,800.0,7.581,2.3232770901263096
1990-08-29,2-Year,100.0,7.559,1.634377967711301
1990-09-26,10-Year,600.0,7.802,5.630368444846293
1990-10-02,2-Year,180.0,7.694,1.883026381284221
1990-10-24,10-Year,700.0,7.243,3.610116166505324
1990-10-30,2-Year,200.0,7.131,1.9112355057976809
1990-11-01,20-Year,300.0,7.306,2.006031746031746
1990-11-27,10-Year,800.0,6.815,3.9531881573656698
1990-12-04,2-Year,250.0,6.843,1.7866323907455013
1991-01-09,10-Year,600.0,6.55,4.646016448577
1991-01-18,2-Year,150.0,6.751,1.5445877734155915
1991-01-30,10-Year,800.0,6.377,3.276617357628087
1991-02-06,2-Year,150.0,6.707,1.7717391304347827
1991-02-07,20-Year,400.0,6.758,1.877245508982036
1991-02-26,10-Year,800.0,6.245,2.303489750974081
1991-03-07,2-Year,100.0,6.516,3.344488188976378
1991-04-02,10-Year,800.0,6.55,2.432872770360339
1991-04-09,2-Year,200.0,6.456,1.4895418326693226
1991-04-24,10-Year,800.0,6.55,2.8866371924777354
1991-04-26,2-Year,100.0,6.512,2.283877349159248
1991-05-09,20-Year,300.0,6.9,2.107197549770291
1991-05-22,10-Year,800.0,6.5,2.9179363467072963
1991-05-29,2-Year,100.0,6.524,1.7127659574468086
1991-06-25,10-Year,800.0,6.7,2.6710849496061657
1991-07-03,2-Year,100.0,6.672,1.5824175824175823
1991-07-24,10-Year,800.0,6.566,4.2496137484391205
1991-07-30,2-Year,100.0,6.47,2.1170411985018727
1991-08-01,20-Year,300.0,6.788,1.6184625078764965
1991-08-22,10-Year,800.0,6.316,4.077334970052276
1991-08-28,2-Year,100.0,6.144,3.032032032032032
1991-10-01,10-Year,800.0,5.944,4.727095722841844
1991-10-08,2-Year,100.0,5.794,2.0882638215324927
1991-10-29,10-Year,800.0,5.841,3.5349900512256043
1991-11-07,2-Year,100.0,5.61,2.549348230912477
1991-11-12,20-Year,300.0,6.322,3.5770777479892764
1991-11-26,10-Year,800.0,5.841,4.722827812466928
1991-12-03,2-Year,200.0,5.194,2.35421686746988
1992-01-09,10-Year,800.0,5.399,6.082725060827251
1992-01-16,2-Year,100.0,4.339,3.99
1992-01-29,10-Year,800.0,5.384,5.5162491536899125
1992-02-25,10-Year,800.0,5.453,4.560672112413764
1992-03-03,2-Year,100.0,3.667,2.2277511961722487
1992-04-01,10-Year,800.0,5.469,2.4617565537524064
1992-04-09,2-Year,100.0,3.909,2.115198451113262
1992-05-07,10-Year,800.0,5.668,3.726622662266226
1992-05-12,2-Year,100.0,4.071,1.1716328963051252
1992-05-27,10-Year,800.0,5.694,3.380082074713373
1992-06-03,2-Year,50.0,4.555,3.4011857707509883
1992-06-24,10-Year,800.0,5.57,4.859838788160873
1992-06-30,2-Year,100.0,4.31,3.013533834586466
1992-07-02,20-Year,300.0,5.927,2.695710455764075
1992-07-22,10-Year,800.0,5.27,6.402624894157493
1992-07-29,2-Year,100.0,3.855,2.7363576594345824
1992-08-26,10-Year,1000.0,4.814,5.632565304982309
1992-09-03,2-Year,100.0,3.726,1.6237970253718286
1992-09-08,20-Year,300.0,5.631,2.656288532675709
1992-09-30,10-Year,800.0,4.895,4.982012866091078
1992-10-06,2-Year,100.0,3.7,2.1645907473309607
1992-10-22,10-Year,800.0,4.977,2.6874986777244168
1992-10-27,2-Year,150.0,3.632,1.4610738255033555
1992-11-05,20-Year,300.0,5.705,2.88995373430271
1992-11-25,10-Year,800.0,4.785,3.96842194378598
1992-12-01,2-Year,150.0,3.478,2.2229965156794425
1993-01-07,10-Year,800.0,4.675,6.558341267322543
1993-01-12,2-Year,150.0,3.114,2.145846958796599
1993-01-27,10-Year,800.0,4.534,7.74267941773866
1993-02-02,20-Year,300.0,5.233,3.3212863705972437
1993-02-09,2-Year,100.0,2.884,1.8423645320197044
1993-02-24,10-Year,800.0,3.976,5.435214962762356
1993-03-31,10-Year,800.0,4.492,4.198387676942934
1993-04-06,2-Year,100.0,2.884,1.3062248995983936
1993-04-20,10-Year,800.0,4.558,1.6803469430928708
1993-04-22,2-Year,80.0,2.947,1.1792929292929293
1993-05-25,10-Year,800.0,4.907,4.2857747223691165
1993-05-27,2-Year,100.0,3.139,1.1297872340425532
1993-06-10,20-Year,300.0,5.552,2.205149051490515
1993-06-23,10-Year,800.0,4.736,3.688207297726071
1993-06-29,2-Year,100.0,2.905,1.8159609120521167
1993-07-06,20-Year,300.0,5.352,2.659325992659326
1993-07-22,10-Year,800.0,4.285,5.232513857741294
1993-07-27,2-Year,100.0,2.8,1.4927536231884058
1993-08-25,10-Year,800.0,4.328,6.87518516950946
1993-08-31,2-Year,100.0,2.694,2.286666666666666
1993-09-28,10-Year,800.0,3.884,5.673662830060935
1993-10-05,20-Year,350.0,4.661,3.629492298916144
1993-10-13,2-Year,150.0,2.299,1.830892143808256
1993-10-27,10-Year,1000.0,3.789,4.731934337451346
1993-11-02,2-Year,100.0,2.226,3.0427631578947367
1993-11-30,10-Year,1000.0,3.478,5.470548408937034
1993-12-02,2-Year,150.0,1.794,1.8374844333748444
1993-12-21,20-Year,300.0,3.939,3.0176843510176843
1994-01-06,10-Year,1000.0,3.287,4.766733249822257
1994-01-13,2-Year,120.0,1.982,1.2577147623019185
1994-01-26,10-Year,1000.0,3.958,1.4403166869671131
1994-02-02,2-Year,100.0,2.346,2.0797607178464608
1994-03-02,10-Year,1200.0,4.528,2.310533438592534
1994-03-15,2-Year,150.0,2.6,1.9
1994-04-05,10-Year,1000.0,3.953,2.4075202220191563
1994-04-19,2-Year,100.0,2.59,2.1928429423459246
1994-04-26,10-Year,1000.0,4.1,1.814381695408621
1994-05-18,2-Year,120.0,2.4,3.4606265876375955
1994-05-19,20-Year,300.0,4.504,2.6343582887700534
1994-05-24,10-Year,1000.0,3.997,2.3230784851253934
1994-06-02,2-Year,100.0,2.404,2.247433264887064
1994-06-28,10-Year,1000.0,4.292,2.743654822335025
1994-07-07,2-Year,120.0,2.384,6.623407643312102
1994-07-27,10-Year,1000.0,4.371,2.3538669825689627
1994-08-10,2-Year,100.0,2.41,1.7315634218289089
1994-08-23,10-Year,1000.0,4.658,2.1087986463620982
1994-09-08,20-Year,300.0,5.02,2.0173325499412456
1994-09-13,2-Year,100.0,2.6,1.3987398739873986
1994-09-27,10-Year,1000.0,4.521,2.1618052851653093
1994-10-12,2-Year,100.0,2.806,1.2587268993839835
1994-10-25,10-Year,1000.0,4.692,2.5752525337980745
1994-11-08,20-Year,300.0,5.101,2.47238031469702
1994-11-17,2-Year,100.0,2.8,2.130434782608696
1994-11-29,10-Year,1000.0,4.556,3.394374301865078
1994-12-08,2-Year,100.0,2.752,1.9675925925925928
1994-12-13,20-Year,300.0,4.964,3.121621621621621
1995-01-10,10-Year,1000.0,4.578,3.4129993229519298
1995-01-12,2-Year,100.0,2.568,2.2199108469539377
1995-01-31,10-Year,1000.0,4.52,3.4866283006093437
1995-02-02,2-Year,100.0,2.684,1.7818725099601591
1995-02-14,20-Year,300.0,4.975,3.466132799466133
1995-03-01,10-Year,1200.0,4.392,2.960983657411977
1995-03-03,2-Year,100.0,2.642,2.1581439393939394
1995-03-28,10-Year,1000.0,3.861,2.846988339228595
1995-03-30,2-Year,150.0,2.105,4.158852730281302
1995-04-11,20-Year,300.0,4.213,2.995551601423488
1995-04-25,10-Year,1000.0,3.532,3.378858651502843
1995-04-27,2-Year,120.0,1.725,2.344589937973811
1995-05-23,10-Year,1000.0,3.241,5.113122937642778
1995-05-25,2-Year,150.0,1.469,3.549330085261876
1995-06-06,20-Year,400.0,3.627,3.573647294589178
1995-06-27,10-Year,1000.0,2.814,6.398619149152198
1995-06-29,2-Year,150.0,1.207,1.973167539267016
1995-07-25,10-Year,1000.0,2.871,4.568160281575741
1995-07-27,2-Year,150.0,1.054,3.750798722044729
1995-08-08,20-Year,300.0,3.678,2.569850746268657
1995-08-22,10-Year,1000.0,3.273,2.531178610711566
1995-08-24,2-Year,150.0,1.251,2.085344320188346
1995-09-26,10-Year,1000.0,2.784,4.999915364693536
1995-09-28,2-Year,170.0,0.77,4.744982290436836
1995-10-12,20-Year,300.0,3.693,2.276126878130217
1995-10-24,10-Year,1200.0,3.017,1.9810748684971304
1995-10-26,2-Year,150.0,0.6,2.798916723087339
1995-11-21,10-Year,1200.0,2.916,2.200265177160912
1995-11-28,2-Year,150.0,0.569,2.398293963254593
1995-12-05,20-Year,300.0,3.546,2.7097633136094674
1995-12-21,2-Year,150.0,0.55,1.8249510124101893
1996-01-09,10-Year,1200.0,3.113,2.226327814289341
1996-01-30,10-Year,1200.0,3.119,2.272958032490975
1996-02-01,2-Year,150.0,0.996,1.992552471225457
1996-02-08,20-Year,300.0,3.713,2.8874074074074074
1996-02-21,10-Year,1200.0,3.333,1.5933546758430055
1996-02-23,2-Year,120.0,1.292,2.3745819397993317
1996-03-26,10-Year,1000.0,3.319,2.4986449864498645
1996-03-28,2-Year,120.0,1.161,2.3094245204336947
1996-04-09,20-Year,400.0,3.923,2.3718302786844085
1996-04-23,10-Year,1000.0,3.313,3.4600084638171817
1996-04-25,2-Year,120.0,1.356,3.186923721709975
1996-05-21,10-Year,1000.0,3.293,3.5129095064759164
1996-05-23,2-Year,120.0,1.22,3.014119601328904
1996-06-25,10-Year,1000.0,3.273,2.701664099134939
1996-06-27,2-Year,120.0,1.261,2.298393913778529
1996-07-09,20-Year,400.0,3.884,2.979934788061199
1996-07-23,10-Year,1000.0,3.313,2.604383515274604
1996-07-25,2-Year,120.0,1.274,2.3891213389121337
1996-08-21,10-Year,1000.0,3.126,2.9946008158014994
1996-08-23,2-Year,120.0,1.13,2.3436974789915967
1996-09-25,10-Year,1000.0,2.88,3.28497918006703
1996-09-27,2-Year,120.0,0.95,1.984771573604061
1996-10-08,20-Year,400.0,3.458,3.779673776662485
1996-10-22,10-Year,1000.0,2.855,3.2022814203026098
1996-10-24,2-Year,120.0,0.85,3.6705882352941175
1996-11-26,10-Year,1000.0,2.761,3.358953088760602
1996-11-28,2-Year,120.0,0.649,2.830042918454936
1996-12-25,2-Year,120.0,0.64,2.1794871794871797
1997-01-09,10-Year,1000.0,2.636,4.497740466800941
1997-01-21,20-Year,400.0,3.324,3.33960843373494
1997-01-28,10-Year,1000.0,2.5,5.631421269105126
1997-01-30,2-Year,120.0,0.65,2.2932203389830508
1997-02-25,10-Year,1000.0,2.549,4.544762098207485
1997-02-27,2-Year,120.0,0.64,2.603885135135135
1997-03-25,10-Year,1000.0,2.512,3.673749027303177
1997-03-27,2-Year,120.0,0.72,2.1313131313131315
1997-04-08,20-Year,400.0,2.96,4.561825934286431
1997-04-22,10-Year,1000.0,2.301,6.780392090529272
1997-04-24,2-Year,120.0,0.75,2.4909716251074805
1997-05-21,10-Year,1000.0,2.599,4.282427379925223
1997-05-23,2-Year,120.0,1.076,1.886744966442953
1997-06-24,10-Year,1000.0,2.574,3.9342071881606766
1997-06-26,2-Year,120.0,1.091,1.9527824620573355
1997-07-08,20-Year,400.0,3.14,2.460631895687061
1997-07-23,10-Year,1000.0,2.425,2.8818117241146024
1997-07-25,2-Year,120.0,0.854,2.455155071248952
1997-08-26,10-Year,1000.0,2.257,4.155308282882944
1997-08-28,2-Year,120.0,0.684,2.958833619210978
1997-09-25,10-Year,1000.0,2.145,2.758614856292186
1997-09-30,2-Year,120.0,0.686,1.7764804003336114
1997-10-08,20-Year,400.0,2.692,4.320130358485836
1997-10-21,10-Year,1000.0,1.934,2.8644873247535134
1997-10-23,2-Year,120.0,0.7,2.6408094435075884
1997-11-26,10-Year,1000.0,2.012,2.0204257621616137
1997-11-28,2-Year,120.0,0.569,4.825649622799665
1997-12-25,2-Year,120.0,0.594,3.6051969823973176
1998-01-08,10-Year,1000.0,1.858,2.8466091662438693
1998-01-20,20-Year,400.0,2.626,2.534988713318284
1998-01-27,10-Year,1000.0,2.039,5.542649420914701
1998-01-29,2-Year,120.0,0.745,3.2946577629382303
1998-02-24,10-Year,1000.0,1.864,2.2045619789993403
1998-02-26,2-Year,120.0,0.7,86.17708333333333
1998-03-24,10-Year,1100.0,1.823,1.9736801648064448
1998-03-26,2-Year,120.0,0.73,2.88986013986014
1998-04-08,20-Year,600.0,2.607,2.1951219512195124
1998-04-21,10-Year,1100.0,1.817,3.596058356008548
1998-04-23,2-Year,120.0,0.694,6.027409372236958
1998-05-26,10-Year,1100.0,1.513,3.3323084018756246
1998-05-28,2-Year,120.0,0.53,7.423390752493201
1998-06-23,10-Year,1200.0,1.53,3.8727403378749674
1998-06-25,2-Year,150.0,0.57,4.859550561797753
1998-07-08,20-Year,600.0,2.314,1.8740196896379109
1998-07-22,10-Year,1200.0,1.723,3.106266645998619
1998-07-24,2-Year,150.0,0.675,5.992198581560284
1998-08-25,10-Year,1200.0,1.397,4.418657084478264
1998-08-27,2-Year,150.0,0.57,2.630747126436781
1998-09-29,10-Year,1400.0,0.834,2.3427101324991244
1998-10-01,2-Year,150.0,0.4,2.7564655172413794
1998-10-13,20-Year,600.0,1.493,2.8386504092199765
1998-10-21,10-Year,1400.0,0.9,2.3216011208812444
1998-10-23,2-Year,150.0,0.4,4.244128113879004
1998-11-25,10-Year,1400.0,0.979,2.6540570572746818
1998-11-27,2-Year,150.0,0.41,3.7648745519713263
1998-12-22,2-Year,200.0,0.695,1.9450607501320656
1999-01-07,10-Year,1800.0,1.881,2.2205941747208056
1999-01-19,20-Year,600.0,2.75,1.6163177135260884
1999-01-26,10-Year,1800.0,1.864,1.6880665007279387
1999-01-28,2-Year,200.0,0.635,3.2347918890074707
1999-02-23,10-Year,1400.0,1.84,2.1315732264064358
1999-02-25,2-Year,500.0,0.47,5.494386609512145
1999-03-24,10-Year,1400.0,1.907,1.5664440391792172
1999-03-30,2-Year,500.0,0.374,4.311637487126673
1999-04-07,20-Year,600.0,2.596,1.943915873810716
1999-04-21,10-Year,1400.0,1.442,2.3171335725244324
1999-04-27,2-Year,500.0,0.214,5.067841770854684
1999-05-25,10-Year,1400.0,1.315,2.1631676853574278
1999-05-27,2-Year,500.0,0.12,4.513623424156161
1999-06-22,10-Year,1400.0,1.694,1.9165408539162996
1999-06-24,2-Year,600.0,0.43,2.969588245344268
1999-07-01,20-Year,600.0,2.853,1.7137137137137135
1999-07-22,10-Year,1400.0,1.712,1.9075284142379187
1999-07-27,2-Year,600.0,0.384,3.3168954414506016
1999-08-24,10-Year,1400.0,1.935,1.410954767799988
1999-08-26,2-Year,600.0,0.425,3.832002717852896
1999-09-02,30-Year,200.0,2.84,4.8832665330661325
1999-09-21,10-Year,1400.0,1.711,1.8105509794922583
1999-09-28,2-Year,700.0,0.305,3.0733410942956927
1999-10-05,20-Year,600.0,2.503,2.1180984153461218
1999-10-21,10-Year,1400.0,1.764,2.003914083452125
1999-10-26,2-Year,700.0,0.289,2.165183131475266
1999-11-25,10-Year,1400.0,1.846,2.3614466563587166
1999-11-30,2-Year,700.0,0.449,3.432329728149664
1999-12-21,2-Year,1000.0,0.44,2.6282324307879525
2000-01-12,10-Year,1400.0,1.706,2.4938990504264624
2000-01-20,20-Year,600.0,2.414,2.2345184443331663
2000-01-25,2-Year,1000.0,0.41,3.511944698586968
2000-01-27,10-Year,1400.0,1.63,2.5055563608252407
2000-02-01,5-Year,800.0,0.96,1.960660698524776
2000-02-03,30-Year,300.0,2.475,1.832221480987325
2000-02-22,10-Year,1400.0,1.77,1.633725565998985
2000-02-24,5-Year,800.0,1.11,2.270331610137436
2000-03-02,2-Year,1000.0,0.445,2.3236695387734416
2000-03-22,10-Year,1400.0,1.817,3.0527905291133126
2000-03-28,5-Year,900.0,1.281,2.473613445378151
2000-03-30,2-Year,1200.0,0.575,2.401487617276646
2000-04-05,20-Year,600.0,2.225,2.0827356130108425
2000-04-25,10-Year,1400.0,1.683,4.039623097366514
2000-04-27,5-Year,900.0,1.067,2.31800809352518
2000-05-11,2-Year,1200.0,0.405,2.6982168511789064
2000-05-17,30-Year,350.0,2.37,1.539736992567181
2000-05-23,10-Year,1400.0,1.641,2.010582649769864
2000-05-25,5-Year,900.0,1.078,2.1889701744513226
2000-05-30,2-Year,1200.0,0.44,1.9298942917547568
2000-06-21,10-Year,1400.0,1.624,2.6756208329307176
2000-06-27,5-Year,900.0,1.183,2.500786870503597
2000-06-29,2-Year,1200.0,0.56,2.818366483283961
2000-07-05,20-Year,600.0,2.153,1.9581247914581248
2000-07-25,10-Year,1400.0,1.67,2.044114804793197
2000-07-27,5-Year,900.0,1.129,2.6728887889351176
2000-08-01,2-Year,1200.0,0.474,2.3688531527719
2000-08-22,10-Year,1400.0,1.717,2.647225812686486
2000-08-24,5-Year,900.0,1.251,2.403314298510805
2000-08-29,2-Year,1200.0,0.679,2.847526427061311
2000-09-21,10-Year,1400.0,1.829,2.179239356304064
2000-09-26,5-Year,900.0,1.297,1.6150491949910557
2000-09-28,2-Year,1200.0,0.694,2.996452403074584
2000-10-04,20-Year,600.0,2.451,1.8781098680915007
2000-10-24,10-Year,1600.0,1.811,2.395150720838794
2000-10-26,5-Year,900.0,1.191,2.924806114420591
2000-11-01,2-Year,1200.0,0.589,2.7813559322033896
2000-11-08,30-Year,350.0,2.96,2.4518433838239497
2000-11-21,10-Year,1600.0,1.677,2.876217056230377
2000-11-28,5-Year,900.0,1.087,2.7399684400360687
2000-12-01,2-Year,1400.0,0.559,1.9126326500944903
2000-12-21,2-Year,1400.0,0.554,2.7062972658522395
2001-01-10,10-Year,1600.0,1.507,1.931061454876012
2001-01-12,5-Year,1100.0,0.91,1.8861098292570373
2001-01-17,20-Year,600.0,2.16,1.6811279826464207
2001-01-30,10-Year,1600.0,1.42,1.976599162896884
2001-02-01,5-Year,1100.0,0.887,2.0636061946902653
2001-02-08,2-Year,1400.0,0.374,3.2953235573064856
2001-02-21,10-Year,1600.0,1.332,2.3830210017862616
2001-02-27,5-Year,1100.0,0.697,2.611970534069981
2001-03-01,2-Year,1400.0,0.179,2.7897476682813966
2001-03-22,10-Year,1700.0,1.028,1.9560697551804067
2001-03-27,2-Year,1400.0,0.145,1.7743955094991364
2001-03-29,5-Year,1500.0,0.634,2.044218602772917
2001-04-03,20-Year,500.0,1.821,2.5625
2001-04-24,10-Year,1700.0,1.264,1.6722541109994729
2001-04-26,2-Year,1400.0,0.11,2.758777305169058
2001-05-09,5-Year,1500.0,0.521,2.0130273371582854
2001-05-16,30-Year,300.0,2.26,2.531177059019673
2001-05-22,10-Year,1700.0,1.271,2.7174226670779147
2001-05-24,2-Year,1400.0,0.069,4.231268011527377
2001-05-29,5-Year,1500.0,0.469,2.8251686909581646
2001-06-12,20-Year,500.0,1.844,1.6607929515418502
2001-06-21,10-Year,1700.0,1.127,3.7673590386375393
2001-06-26,2-Year,1400.0,0.074,3.1007199424046075
2001-06-29,5-Year,1600.0,0.358,2.008849557522124
2001-07-24,10-Year,1700.0,1.309,2.5292479108635098
2001-07-26,2-Year,1400.0,0.094,3.512661870503597
2001-07-31,5-Year,1600.0,0.447,1.6586750788643534
2001-08-02,20-Year,500.0,2.06,1.3847695390781565
2001-08-21,10-Year,1700.0,1.348,1.8904101410917196
2001-08-23,2-Year,1400.0,0.104,3.5509395924832603
2001-08-28,5-Year,1600.0,0.518,1.6335564536499116
2001-09-20,10-Year,1700.0,1.337,1.6755046610886155
2001-10-02,2-Year,1400.0,0.089,3.5351117519826967
2001-10-05,5-Year,1600.0,0.479,2.251435059610168
2001-10-10,20-Year,500.0,2.043,1.7568163592622297
2001-10-23,10-Year,1700.0,1.298,5.424398300615877
2001-10-25,2-Year,1400.0,0.084,6.76565204847086
2001-10-30,5-Year,1600.0,0.428,1.5475784555155647
2001-11-08,30-Year,300.0,2.41,1.8871829105473965
2001-11-21,10-Year,1700.0,1.315,7.072658713971605
2001-11-27,2-Year,1400.0,0.095,5.002238590410167
2001-11-30,5-Year,1800.0,0.558,1.750519984259936
2001-12-06,20-Year,600.0,2.096,1.808443183714333
2001-12-21,2-Year,1400.0,0.079,4.063843648208469
2002-01-09,10-Year,1700.0,1.315,11.348950562021288
2002-01-11,5-Year,1800.0,0.537,2.258089976322021
2002-01-29,10-Year,1700.0,1.38,1.6189093223794797
2002-01-31,2-Year,1400.0,0.064,3.5757090909090907
2002-02-07,5-Year,1800.0,0.632,1.1823549257759784
2002-02-13,20-Year,600.0,2.214,1.9002335669002333
2002-02-21,10-Year,1700.0,1.5,2.021961189962304
2002-02-26,2-Year,1400.0,0.095,2.9778712907204525
2002-03-01,5-Year,1800.0,0.658,1.830294845824893
2002-03-20,10-Year,1800.0,1.403,3.566356391399133
2002-04-02,2-Year,1600.0,0.054,6.13906359189378
2002-04-04,5-Year,1900.0,0.51,1.9358542968541368
2002-04-09,20-Year,700.0,2.06,1.9400743707093824
2002-04-23,10-Year,1800.0,1.382,2.327904141138926
2002-04-25,2-Year,1600.0,0.059,5.620661209467606
2002-05-08,5-Year,1900.0,0.491,2.01733240893819
2002-05-15,30-Year,300.0,2.34,6.104138851802404
2002-05-22,10-Year,1800.0,1.365,10.135386468882947
2002-05-28,2-Year,1600.0,0.065,9.573530344346503
2002-06-06,5-Year,1900.0,0.502,2.394381242322277
2002-06-13,20-Year,700.0,2.038,2.0325993708893337
2002-06-25,10-Year,1800.0,1.294,9.451126800849051
2002-06-27,2-Year,1600.0,0.059,13.949556400506973
2002-07-04,5-Year,1900.0,0.437,1.8215827338129496
2002-07-23,10-Year,1800.0,1.243,2.719265889296226
2002-07-25,2-Year,1600.0,0.044,20.201862173802887
2002-08-01,5-Year,1900.0,0.393,2.714270500532481
2002-08-06,20-Year,700.0,1.963,1.6557001859533689
2002-08-21,10-Year,1800.0,1.243,2.600019571091992
2002-08-27,2-Year,1600.0,0.015,8.22965061378659
2002-09-03,5-Year,1900.0,0.31,1.7502262925296843
2002-09-20,10-Year,1800.0,1.261,1.0
2002-10-01,2-Year,1600.0,0.049,9.926583553708602
2002-10-03,5-Year,1900.0,0.318,3.1776962738531864
2002-10-08,20-Year,700.0,1.9,2.083822056930339
2002-10-22,10-Year,1800.0,1.033,3.343190591209733
2002-10-31,2-Year,1600.0,0.035,12.314987405541562
2002-11-07,5-Year,1900.0,0.285,2.8147636749867235
2002-11-12,30-Year,300.0,1.8,2.8044711378044718
2002-11-21,10-Year,1800.0,1.011,2.9254378372682868
2002-11-26,2-Year,1600.0,0.054,6.26172761664565
2002-12-03,5-Year,1900.0,0.322,2.700090478471446
2002-12-12,20-Year,700.0,1.656,2.1437562580460594
2002-12-26,2-Year,1600.0,0.049,5.420677474295086
2003-01-09,10-Year,1800.0,0.851,18.60100702205965
2003-01-16,5-Year,1800.0,0.27,2.3136241007194243
2003-01-21,30-Year,300.0,1.4,2.1522029372496663
2003-01-30,2-Year,1600.0,0.039,12.853930461073318
2003-02-04,10-Year,1800.0,0.843,2.267703027065259
2003-02-13,5-Year,1800.0,0.289,3.038468008747827
2003-02-20,20-Year,700.0,1.471,2.090506148126966
2003-02-27,2-Year,1800.0,0.049,3.259135098893731
2003-03-04,10-Year,1800.0,0.762,3.339428141459744
2003-03-11,5-Year,1900.0,0.255,3.2402828733982028
2003-03-25,2-Year,1800.0,0.059,4.899787851719518
2003-04-03,10-Year,1900.0,0.63,3.349028000713394
2003-04-10,5-Year,1900.0,0.256,4.041467812069149
2003-04-17,20-Year,800.0,1.042,2.4806609087495306
2003-04-24,2-Year,1800.0,0.054,38.22298619263234
2003-05-08,10-Year,1900.0,0.552,3.453207108187252
2003-05-15,5-Year,1900.0,0.193,4.727379053694843
2003-05-20,30-Year,400.0,1.125,2.7328664332166084
2003-05-29,2-Year,1800.0,0.039,114.6965004472272
2003-06-03,10-Year,1900.0,0.473,3.1568074238493837
2003-06-10,5-Year,1900.0,0.155,3.435191582080034
2003-06-17,20-Year,800.0,0.791,1.950801201802704
2003-06-26,2-Year,1800.0,0.059,27.46430167597765
2003-07-03,10-Year,1900.0,1.065,1.6825337356410273
2003-07-08,5-Year,1900.0,0.497,2.476203109248156
2003-07-24,30-Year,400.0,1.75,1.9837215126471328
2003-07-31,2-Year,1800.0,0.074,26.53542691104157
2003-08-05,10-Year,1900.0,0.994,2.6562594016379744
2003-08-12,5-Year,1900.0,0.31,2.659606094388703
2003-08-19,20-Year,800.0,1.813,1.6202927561616414
2003-08-28,2-Year,1800.0,0.189,9.165614701446684
2003-09-02,10-Year,1900.0,1.53,3.097924911755268
2003-09-09,5-Year,1900.0,0.841,1.86793953858393
2003-09-25,2-Year,1700.0,0.15,2.679100059206631
2003-10-02,10-Year,1900.0,1.451,2.3457590852863497
2003-10-09,5-Year,1900.0,0.564,3.13874275997662
2003-10-21,20-Year,500.0,1.92,1.665133026605321
2003-10-30,2-Year,1700.0,0.14,3.3105369207064124
2003-11-06,10-Year,1900.0,1.528,15.372971671937368
2003-11-11,5-Year,1900.0,0.689,2.5354221986192247
2003-11-13,30-Year,400.0,2.13,2.600948340404293
2003-11-20,20-Year,500.0,1.844,2.3240536751452034
2003-11-27,2-Year,1700.0,0.165,2.658488888888889
2003-12-02,10-Year,1900.0,1.388,2.461989007903077
2003-12-09,5-Year,1900.0,0.624,2.7122714020673206
2003-12-18,20-Year,500.0,1.869,2.328926282051282
2003-12-25,2-Year,1700.0,0.14,12.973357859134872
2004-01-08,10-Year,1900.0,1.326,2.526528347051625
2004-01-15,5-Year,1900.0,0.541,2.7182619781153723
2004-01-22,20-Year,500.0,1.879,3.04990980156344
2004-01-29,2-Year,1700.0,0.074,109.79862347217278
2004-02-03,10-Year,1900.0,1.266,2.631452292142943
2004-02-10,5-Year,1900.0,0.478,2.6381114238674384
2004-02-17,20-Year,500.0,1.83,2.3937875751503004
2004-02-24,30-Year,400.0,2.08,1.596745932415519
2004-02-26,2-Year,1700.0,0.064,63.29783072546231
2004-03-02,10-Year,1900.0,1.356,1.989461225199441
2004-03-09,5-Year,1900.0,0.589,2.6098583328911764
2004-03-18,20-Year,500.0,1.938,2.655517724814741
2004-03-25,2-Year,1700.0,0.11,116.96907399727472
2004-04-06,10-Year,1900.0,1.471,2.7568593892068245
2004-04-13,5-Year,2000.0,0.7,3.280948776179662
2004-04-15,30-Year,500.0,2.48,2.028811524609844
2004-04-22,20-Year,600.0,2.135,2.660434056761269
2004-04-28,2-Year,1700.0,0.13,72.0396080760095
2004-05-11,10-Year,1900.0,1.505,2.3392858266873966
2004-05-18,5-Year,2000.0,0.612,2.4480620936444737
2004-05-25,20-Year,600.0,2.128,3.185339789614293
2004-05-27,2-Year,1700.0,0.135,159.8696892269297
2004-06-01,10-Year,1900.0,1.513,59.41019746165717
2004-06-08,5-Year,2000.0,0.82,3.5453948697232884
2004-06-17,20-Year,600.0,2.396,2.683358370889668
2004-06-29,2-Year,1700.0,0.194,15.805283466904124
2004-07-06,10-Year,1900.0,1.752,2.998615132821352
2004-07-15,5-Year,2000.0,0.844,2.9174835775644263
2004-07-22,20-Year,600.0,2.396,3.3170813157455337
2004-07-29,2-Year,1700.0,0.215,5.997921862011638
2004-08-03,10-Year,1900.0,1.852,8.743925163044846
2004-08-12,5-Year,2000.0,0.776,2.9401381814514096
2004-08-17,30-Year,500.0,2.56,2.5082098518221865
2004-08-24,20-Year,600.0,2.24,3.320754716981132
2004-08-26,2-Year,1700.0,0.169,5.699377039454168
2004-09-02,10-Year,1900.0,1.513,65.75180515073875
2004-09-07,5-Year,2000.0,0.743,2.8963045234248788
2004-09-16,20-Year,600.0,2.092,4.25658992325659
2004-09-28,2-Year,1700.0,0.13,41.24057695732178
2004-10-05,10-Year,1900.0,1.528,64.74046700200827
2004-10-14,5-Year,2000.0,0.635,4.990149525156597
2004-10-19,30-Year,500.0,2.5,3.933106348888444
2004-10-26,20-Year,600.0,2.068,3.850367401469606
2004-10-28,2-Year,1700.0,0.115,96.11148047014127
2004-11-02,10-Year,1900.0,1.534,65.32114596513759
2004-11-09,5-Year,2000.0,0.657,4.188950554994954
2004-11-16,20-Year,600.0,2.121,3.94609479305741
2004-11-25,2-Year,1700.0,0.089,12.42563403650154
2004-12-02,10-Year,1900.0,1.448,65.09888366294554
2004-12-09,5-Year,2000.0,0.562,3.720230570865146
2004-12-14,20-Year,600.0,1.986,3.686477462437396
2004-12-22,2-Year,1700.0,0.094,80.27591526731146
2005-01-06,10-Year,1900.0,1.371,4.745946354553816
2005-01-13,5-Year,2000.0,0.558,4.576934749620637
2005-01-20,20-Year,600.0,1.989,4.4764441484934245
2005-01-27,2-Year,1700.0,0.094,67.3350943844236
2005-02-03,10-Year,1900.0,1.26,65.01233915036136
2005-02-09,5-Year,2000.0,0.565,3.774917991420641
2005-02-15,30-Year,500.0,2.46,2.7458983593437374
2005-02-22,20-Year,600.0,2.067,4.076589354246621
2005-02-24,2-Year,1700.0,0.11,7.330286121334441
2005-03-03,10-Year,1900.0,1.511,2.624008467795286
2005-03-10,5-Year,2000.0,0.691,4.044137721826179
2005-03-17,20-Year,600.0,2.064,4.160714285714286
2005-03-24,2-Year,1700.0,0.12,75.24414120439039
2005-04-05,10-Year,1900.0,1.352,3.0541448688600803
2005-04-12,5-Year,2000.0,0.541,4.793331480966935
2005-04-14,30-Year,500.0,2.345,4.21212727636582
2005-04-21,20-Year,700.0,1.903,4.352540272614622
2005-04-26,2-Year,1700.0,0.079,135.13128218499446
2005-05-10,10-Year,1900.0,1.286,2.487700509613293
2005-05-17,5-Year,2000.0,0.508,3.9637741275371936
2005-05-24,20-Year,700.0,1.94,4.532931354359926
2005-05-26,2-Year,1700.0,0.079,82.12123740453116
2005-06-02,10-Year,1900.0,1.218,3.555930568948891
2005-06-09,5-Year,2000.0,0.45,4.10882900646292
2005-06-16,20-Year,700.0,1.945,3.7688984881209504
2005-06-28,2-Year,1700.0,0.069,268.48578076525337
2005-07-05,10-Year,1900.0,1.213,2.476696484195926
2005-07-12,5-Year,2000.0,0.46,3.8646550300093607
2005-07-14,30-Year,500.0,2.355,2.86234493797519
2005-07-26,20-Year,700.0,1.965,2.781322237632917
2005-07-28,2-Year,1700.0,0.117,3.5640928589452434
2005-08-02,10-Year,1900.0,1.349,2.831474014600256
2005-08-11,5-Year,2000.0,0.674,3.314467130111117
2005-08-23,20-Year,700.0,2.121,3.268356778481991
2005-08-30,2-Year,1700.0,0.162,4.558974688423487
2005-09-01,10-Year,1900.0,1.326,2.8757643461900284
2005-09-13,5-Year,2000.0,0.629,3.0721315080543183
2005-09-22,20-Year,700.0,2.017,2.3660673121254034
2005-09-27,2-Year,1700.0,0.187,3.919489887929924
2005-10-04,10-Year,1900.0,1.479,2.2558283110392474
2005-10-13,5-Year,2000.0,0.823,2.794267093781067
2005-10-18,30-Year,500.0,2.515,2.6089653792275365
2005-10-25,20-Year,700.0,2.082,2.48890625
2005-10-27,2-Year,1700.0,0.279,4.63657617872451
2005-11-01,10-Year,1900.0,1.548,2.3851410507265536
2005-11-08,5-Year,2000.0,0.937,2.757646019653307
2005-11-22,20-Year,700.0,2.053,2.180009184142048
2005-11-29,2-Year,1700.0,0.245,3.427358126367263
2005-12-01,10-Year,1900.0,1.458,2.3642016668429897
2005-12-08,5-Year,2000.0,0.862,2.453052030108236
2005-12-13,20-Year,700.0,2.121,3.01782085352509
2005-12-21,2-Year,1700.0,0.279,2.8891977503393886
2006-01-11,10-Year,1900.0,1.421,3.2642663242631578
2006-01-17,5-Year,2000.0,0.819,3.147977386245129
2006-01-19,30-Year,500.0,2.33,3.661861861861862
2006-01-26,20-Year,700.0,2.0,3.101523631840796
2006-01-31,2-Year,1700.0,0.317,3.1997020339422204
2006-02-02,10-Year,1900.0,1.525,2.2889368540828414
2006-02-14,5-Year,2000.0,1.013,3.2447945356395285
2006-02-21,20-Year,700.0,1.961,3.112537173266552
2006-02-28,2-Year,1700.0,0.507,3.5487630208333334
2006-03-02,10-Year,1900.0,1.626,2.4196016580967066
2006-03-10,5-Year,2000.0,1.066,2.409219661205221
2006-03-16,20-Year,700.0,2.1,2.726365054602184
2006-03-23,2-Year,1700.0,0.607,2.9114969982570527
2006-04-04,10-Year,1900.0,1.847,2.2941414608756
2006-04-13,5-Year,2000.0,1.362,2.898672834407181
2006-04-18,30-Year,500.0,2.59,2.559623849539816
2006-04-25,20-Year,800.0,2.245,2.168484187568157
2006-04-27,2-Year,1700.0,0.702,3.140971728019668
2006-05-09,10-Year,1900.0,1.969,2.177979410225092
2006-05-16,5-Year,2000.0,1.477,2.6489832007073386
2006-05-25,20-Year,800.0,2.178,2.5226528384279474
2006-05-30,2-Year,1700.0,0.836,3.316157262277952
2006-06-01,10-Year,1900.0,1.905,1.8417512322412293
2006-06-08,5-Year,2000.0,1.361,2.5884943572804846
2006-06-20,20-Year,800.0,2.263,2.7337237809861072
2006-06-27,2-Year,1700.0,0.848,3.2798407622528227
2006-07-04,10-Year,1900.0,1.985,2.458898132526616
2006-07-11,5-Year,2000.0,1.486,2.5702629692926844
2006-07-13,30-Year,600.0,2.56,2.4849949983327777
2006-07-25,20-Year,800.0,2.285,2.747785801880365
2006-07-27,2-Year,1700.0,0.815,3.2745123793261968
2006-08-01,10-Year,1900.0,1.933,2.672111065741119
2006-08-08,5-Year,2000.0,1.35,2.2767562210966745
2006-08-24,20-Year,800.0,2.21,2.1676253081347574
2006-08-29,2-Year,1700.0,0.705,2.2192825112107624
2006-09-05,10-Year,1900.0,1.758,1.6960294951786727
2006-09-12,5-Year,2000.0,1.195,3.0631816679519663
2006-09-21,20-Year,800.0,2.221,3.132959825088822
2006-09-28,2-Year,1700.0,0.664,3.5352167941926624
2006-10-03,10-Year,1900.0,1.739,3.1225750072822605
2006-10-12,5-Year,2000.0,1.212,3.129492014196983
2006-10-17,30-Year,600.0,2.515,2.9701567189063023
2006-10-24,20-Year,800.0,2.285,4.167557199616386
2006-10-26,2-Year,1700.0,0.784,4.007711410273167
2006-11-07,10-Year,1900.0,1.749,2.6331847391883287
2006-11-14,5-Year,2000.0,1.277,2.7495454795879013
2006-11-21,20-Year,800.0,2.189,3.451377633711507
2006-11-28,2-Year,1700.0,0.815,3.62294329727958
2006-12-05,10-Year,1900.0,1.641,2.3239274402533834
2006-12-12,5-Year,2000.0,1.251,2.9398130220722467
2006-12-19,20-Year,800.0,2.096,3.918272516058494
2006-12-21,2-Year,1700.0,0.792,4.213040924221657
2007-01-10,10-Year,1900.0,1.735,2.465497412305923
2007-01-16,5-Year,2000.0,1.295,3.1619031793508365
2007-01-18,30-Year,600.0,2.38,3.300933644548183
2007-01-25,20-Year,800.0,2.139,2.9700467161308053
2007-01-30,2-Year,1700.0,0.746,4.5558390578999015
2007-02-01,10-Year,1900.0,1.704,2.762959088795909
2007-02-08,5-Year,2000.0,1.241,4.58252427184466
2007-02-22,20-Year,800.0,2.11,3.148953744493392
2007-02-27,2-Year,1700.0,0.833,4.702138826925601
2007-03-01,10-Year,1900.0,1.668,3.905505388872706
2007-03-08,5-Year,2000.0,1.178,3.834260534288075
2007-03-15,20-Year,800.0,2.063,2.914079520697168
2007-03-23,2-Year,1700.0,0.807,4.019025974025974
2007-04-03,10-Year,1900.0,1.658,3.129124236252546
2007-04-12,5-Year,2000.0,1.204,4.294029602527856
2007-04-17,30-Year,600.0,2.354,4.262190684133915
2007-04-24,20-Year,800.0,2.11,3.631894321122157
2007-04-26,2-Year,1700.0,0.869,4.334641292263423
2007-05-08,10-Year,1900.0,1.653,4.029452852153667
2007-05-15,5-Year,2000.0,1.248,3.803575394181657
2007-05-24,20-Year,800.0,2.135,4.099286889742183
2007-05-29,2-Year,1700.0,0.974,5.3504783121478185
2007-06-05,10-Year,1900.0,1.81,3.199614778497636
2007-06-12,5-Year,2000.0,1.553,3.4391400220507164
2007-06-21,20-Year,800.0,2.296,3.887012630422845
2007-06-26,2-Year,1700.0,1.025,3.5849888172608866
2007-07-03,10-Year,1900.0,1.89,2.6798384770695125
2007-07-10,5-Year,2000.0,1.565,3.122340133062077
2007-07-18,30-Year,600.0,2.59,3.2045993794488044
2007-07-26,20-Year,800.0,2.296,3.629543272527774
2007-07-31,2-Year,1700.0,1.012,3.261313773004126
2007-08-02,10-Year,1900.0,1.815,2.653899721448468
2007-08-09,5-Year,2000.0,1.419,3.4047553067671674
2007-08-28,20-Year,800.0,2.15,3.394550408719346
2007-08-30,2-Year,1700.0,0.874,4.865245452767455
2007-09-04,10-Year,1900.0,1.651,2.769015887796077
2007-09-11,5-Year,2000.0,1.072,3.1306493650529585
2007-09-20,20-Year,800.0,2.167,3.753015350877193
2007-09-27,2-Year,1700.0,0.882,3.4533255162530128
2007-10-02,10-Year,1900.0,1.685,2.711815561959654
2007-10-12,5-Year,2000.0,1.261,3.2560159318470987
2007-10-16,30-Year,600.0,2.491,3.7698645184913953
2007-10-25,20-Year,800.0,2.149,3.734418091560949
2007-10-30,2-Year,1700.0,0.779,3.682768989410381
2007-11-01,10-Year,1900.0,1.665,3.058599167822469
2007-11-06,40-Year,100.0,2.435,5.017017017017017
2007-11-08,5-Year,2000.0,1.091,2.517574162417064
2007-11-21,20-Year,800.0,2.064,3.652804377564979
2007-11-29,2-Year,1700.0,0.779,3.050726053265612
2007-12-04,10-Year,1900.0,1.479,3.190536936101125
2007-12-11,5-Year,2000.0,1.093,2.8573086487980106
2007-12-18,20-Year,800.0,2.15,4.231998906954502
2007-12-21,2-Year,1700.0,0.702,2.366576297443842
2008-01-09,10-Year,1900.0,1.448,2.4848187485569158
2008-01-16,5-Year,2000.0,0.87,3.384054841843895
2008-01-18,30-Year,600.0,2.306,3.817286652078775
2008-01-24,20-Year,800.0,2.078,2.595228301110654
2008-01-31,2-Year,1700.0,0.548,2.893691514418486
2008-02-05,10-Year,1900.0,1.465,2.902993667242372
2008-02-13,5-Year,2000.0,0.891,3.136449710544825
2008-02-26,20-Year,800.0,2.128,4.181544771018455
2008-02-28,2-Year,1700.0,0.6,3.646390760346487
2008-03-04,10-Year,1900.0,1.374,2.781882298531622
2008-03-11,5-Year,2000.0,0.764,2.5337584396099024
2008-03-18,20-Year,800.0,2.153,3.025259421081376
2008-03-25,2-Year,1700.0,0.574,2.822740338549984
2008-04-01,10-Year,1900.0,1.35,2.3375517717441325
2008-04-10,5-Year,1900.0,0.84,2.343380784969166
2008-04-15,30-Year,600.0,2.456,3.915133855399745
2008-04-22,20-Year,800.0,2.174,3.891459074733096
2008-04-24,2-Year,1700.0,0.717,3.1012205252731806
2008-05-08,10-Year,1900.0,1.694,2.454942027321777
2008-05-13,40-Year,200.0,2.57,4.55276134122288
2008-05-15,5-Year,1900.0,1.319,2.899609240317205
2008-05-27,20-Year,800.0,2.322,4.288079923361161
2008-05-29,2-Year,1700.0,0.91,3.214491454906228
2008-06-03,10-Year,1900.0,1.823,2.09283546188649
2008-06-10,5-Year,1900.0,1.56,3.102247583556539
2008-06-17,20-Year,800.0,2.411,3.6913275791204274
2008-06-24,2-Year,1700.0,0.874,2.466526262046078
2008-07-03,10-Year,1900.0,1.718,3.0906918458938044
2008-07-08,5-Year,1900.0,1.261,3.9945810511595385
2008-07-17,30-Year,600.0,2.45,3.463489208633093
2008-07-24,20-Year,800.0,2.296,3.819840834248079
2008-07-29,2-Year,1700.0,0.797,3.2981844026620144
2008-08-05,10-Year,1900.0,1.536,2.5678569361652874
2008-08-20,5-Year,1900.0,1.041,2.70487635775364
2008-08-26,20-Year,800.0,2.143,3.4105567805953694
2008-08-28,2-Year,1700.0,0.735,3.854169368434704
2008-09-02,10-Year,1900.0,1.489,2.656059107568794
2008-09-09,5-Year,1900.0,1.114,3.154887391279304
2008-09-18,20-Year,800.0,2.237,2.35852111725813
2008-09-25,2-Year,1800.0,0.817,3.1768585131894485
2008-10-02,10-Year,1900.0,1.54,2.57984496124031
2008-10-16,5-Year,1900.0,1.2,3.0404498250043037
2008-10-21,30-Year,600.0,2.437,3.176981541802389
2008-10-28,20-Year,800.0,2.174,3.516773054461497
2008-10-30,2-Year,1800.0,0.589,2.834381044487428
2008-11-05,10-Year,1900.0,1.505,2.279057682314221
2008-11-07,40-Year,200.0,2.445,2.7812343201204213
2008-11-11,5-Year,1900.0,0.941,3.316923076923077
2008-11-20,20-Year,900.0,2.146,3.0979869027407227
2008-11-27,2-Year,1800.0,0.597,2.802415399705738
2008-12-02,10-Year,1900.0,1.388,2.900341060176889
2008-12-09,5-Year,1900.0,0.897,2.4765439257755872
2008-12-16,20-Year,900.0,2.082,2.6203221509022647
2008-12-18,2-Year,1800.0,0.452,2.399419904525953
2009-01-08,10-Year,1900.0,1.289,2.326835531691374
2009-01-14,5-Year,2000.0,0.725,3.253460303399402
2009-01-20,30-Year,600.0,1.882,3.290304911447873
2009-01-27,20-Year,900.0,1.913,2.877965272682808
2009-01-29,2-Year,2000.0,0.425,3.3393230025277503
2009-02-03,10-Year,1900.0,1.322,2.201838044043697
2009-02-10,5-Year,2000.0,0.744,3.053813886742466
2009-02-17,40-Year,200.0,2.04,4.186686686686687
2009-02-24,20-Year,900.0,1.896,3.119950890116636
2009-02-26,2-Year,2000.0,0.407,2.951192940407452
2009-03-03,10-Year,1900.0,1.3,2.9345572479295767
2009-03-05,30-Year,500.0,1.956,2.4991285403050107
2009-03-12,5-Year,2000.0,0.752,2.7041988950276243
2009-03-17,20-Year,900.0,1.927,2.6868224524211035
2009-03-25,2-Year,2000.0,0.402,3.178154941144265
2009-04-02,10-Year,1900.0,1.359,2.3264580784245177
2009-04-08,5-Year,2000.0,0.847,2.798299039780521
2009-04-14,30-Year,500.0,2.269,3.815663176265271
2009-04-21,20-Year,900.0,2.1,2.598976109215017
2009-04-23,2-Year,2000.0,0.4,2.7773193637696107
2009-05-12,10-Year,1900.0,1.454,2.544825598155088
2009-05-14,40-Year,200.0,2.22,3.8469184890656063
2009-05-19,5-Year,2000.0,0.806,2.6389328386709585
2009-05-26,20-Year,900.0,2.114,3.523688663282572
2009-05-28,2-Year,2000.0,0.357,2.8013864259229404
2009-06-02,10-Year,1900.0,1.534,3.3678127874885004
2009-06-09,30-Year,500.0,2.271,3.873695652173913
2009-06-11,5-Year,2000.0,0.891,3.0935471554028253
2009-06-17,20-Year,900.0,2.128,3.598453732785697
2009-06-25,2-Year,2400.0,0.337,3.5566138985779445
2009-07-02,10-Year,2100.0,1.357,2.2563702548101925
2009-07-07,40-Year,300.0,2.255,2.8451785118451784
2009-07-16,5-Year,2300.0,0.695,3.3082143026621744
2009-07-22,20-Year,1100.0,2.114,2.8983767830791933
2009-07-30,2-Year,2400.0,0.272,3.088139576930031
2009-08-04,10-Year,2100.0,1.455,2.906857887874837
2009-08-06,30-Year,600.0,2.319,3.271672107363076
2009-08-18,5-Year,2300.0,0.67,3.495836703620878
2009-08-25,20-Year,1100.0,2.096,3.415800415800416
2009-08-27,2-Year,2400.0,0.247,2.942972972972973
2009-09-01,10-Year,2100.0,1.331,2.883324648254299
2009-09-08,5-Year,2300.0,0.65,4.044950768206251
2009-09-15,20-Year,1100.0,2.047,3.03087461530825
2009-09-29,2-Year,2400.0,0.235,2.485719417998922
2009-10-06,10-Year,2100.0,1.258,3.499034093875633
2009-10-08,30-Year,600.0,2.139,3.267271078875793
2009-10-15,5-Year,2300.0,0.604,2.170087284736966
2009-10-20,20-Year,1100.0,2.107,3.020757141445092
2009-10-28,2-Year,2400.0,0.277,3.0249028292506552
2009-11-05,10-Year,2100.0,1.457,2.4241918665276327
2009-11-10,40-Year,300.0,2.33,3.4479653102068046
2009-11-12,5-Year,2400.0,0.693,3.6958869012215767
2009-11-19,20-Year,1100.0,2.064,3.112094688681122
2009-11-25,2-Year,2600.0,0.239,3.919720186542305
2009-12-01,10-Year,2200.0,1.256,2.8069037761261035
2009-12-08,30-Year,600.0,2.227,3.5304268846503177
2009-12-10,5-Year,2400.0,0.469,2.8992995542618027
2009-12-15,20-Year,1100.0,2.135,2.352259215219976
2009-12-17,2-Year,2600.0,0.189,3.3684960508101947
2010-01-06,10-Year,2200.0,1.345,2.582916333066453
2010-01-14,40-Year,300.0,2.33,3.778149014366856
2010-01-19,5-Year,2400.0,0.506,3.356283453039938
2010-01-21,20-Year,1100.0,2.143,3.0156436827421285
2010-01-28,2-Year,2600.0,0.159,3.980463878959182
2010-02-02,10-Year,2200.0,1.351,3.620705131401785
2010-02-09,30-Year,600.0,2.308,3.8665574367376654
2010-02-16,5-Year,2400.0,0.521,3.642186010621397
2010-02-23,20-Year,1100.0,2.138,2.904468106279232
2010-02-25,2-Year,2600.0,0.159,4.326014418125643
2010-03-02,10-Year,2200.0,1.331,3.4043202160108006
2010-03-09,30-Year,600.0,2.305,3.851133272892112
2010-03-11,5-Year,2400.0,0.487,3.080603389522468
2010-03-16,20-Year,1100.0,2.164,3.491658391261172
2010-03-25,2-Year,2600.0,0.159,3.0021442414745785
2010-04-06,10-Year,2200.0,1.4,2.5197633371451302
2010-04-13,30-Year,600.0,2.216,3.7312839059674494
2010-04-15,5-Year,2400.0,0.529,4.64770390678547
2010-04-22,20-Year,1100.0,2.117,4.0197034530799085
2010-04-27,2-Year,2600.0,0.167,4.733878749737781
2010-05-11,10-Year,2200.0,1.327,3.5206800556770728
2010-05-13,40-Year,300.0,2.21,2.5650433622414943
2010-05-18,5-Year,2400.0,0.455,3.111935204987032
2010-05-20,20-Year,1100.0,2.075,3.926029309141661
2010-05-27,2-Year,2600.0,0.162,3.6836374215535512
2010-06-01,10-Year,2200.0,1.289,3.8511940298507454
2010-06-08,30-Year,600.0,2.056,2.250091074681239
2010-06-10,5-Year,2400.0,0.395,3.567346385133608
2010-06-16,20-Year,1100.0,2.007,4.602524599940364
2010-06-24,2-Year,2600.0,0.154,4.311429758935994
2010-07-06,10-Year,2200.0,1.122,2.755926991369904
2010-07-08,30-Year,600.0,1.969,4.064248330626241
2010-07-13,5-Year,2400.0,0.364,3.3668270977115875
2010-07-22,20-Year,1100.0,1.817,4.464977050488924
2010-07-27,2-Year,2600.0,0.149,5.674079337875685
2010-08-03,10-Year,2200.0,1.063,4.182428035043805
2010-08-05,40-Year,300.0,1.825,3.7490824157490814
2010-08-11,5-Year,2400.0,0.327,4.6756484743126405
2010-08-24,20-Year,1100.0,1.553,2.8572557542230563
2010-08-26,2-Year,2600.0,0.122,4.74696938137888
2010-09-01,10-Year,2200.0,1.06,3.159280957388213
2010-09-08,30-Year,600.0,2.013,4.153538293614699
2010-09-10,5-Year,2400.0,0.359,2.7932560686256616
2010-09-14,20-Year,1100.0,1.969,4.563088512241055
2010-09-28,2-Year,2600.0,0.14,5.7508535230965405
2010-10-07,10-Year,2200.0,0.843,2.8451651472126738
2010-10-14,30-Year,600.0,1.981,5.400325615050651
2010-10-19,5-Year,2400.0,0.279,3.4304755859817746
2010-10-21,20-Year,1100.0,1.772,4.412682536507301
2010-10-27,2-Year,2600.0,0.14,5.535879337870767
2010-11-02,10-Year,2200.0,0.971,3.90916782799124
2010-11-09,40-Year,300.0,2.055,4.151869158878505
2010-11-11,5-Year,2400.0,0.341,3.926519614559072
2010-11-18,20-Year,1100.0,1.92,2.544201378483668
2010-11-25,2-Year,2600.0,0.172,3.1928538708199725
2010-12-01,10-Year,2200.0,1.198,2.407186827486112
2010-12-07,30-Year,600.0,2.2,2.9518028628374706
2010-12-09,5-Year,2400.0,0.574,2.781912710357094
2010-12-14,20-Year,1100.0,2.082,3.5175578611332803
2010-12-22,2-Year,2600.0,0.235,3.503721776527996
2011-01-06,10-Year,2200.0,1.219,2.991810237203496
2011-01-13,30-Year,600.0,2.16,5.76541408245166
2011-01-18,5-Year,2400.0,0.495,3.968378366063699
2011-01-20,20-Year,1100.0,2.046,4.461238761238762
2011-01-27,2-Year,2600.0,0.197,5.325067024128686
2011-02-01,10-Year,2200.0,1.243,2.688843346995901
2011-02-08,40-Year,300.0,2.24,2.057743658210948
2011-02-16,5-Year,2400.0,0.597,3.559239328712149
2011-02-22,20-Year,1100.0,2.06,2.6373046680601173
2011-02-24,2-Year,2600.0,0.245,3.695091844847065
2011-03-01,10-Year,2200.0,1.32,2.911645784455648
2011-03-08,30-Year,600.0,2.191,3.580858085808581
2011-03-10,5-Year,2400.0,0.604,3.4886348169320813
2011-03-16,20-Year,1100.0,2.146,4.125694996028594
2011-03-24,2-Year,2600.0,0.232,4.769069660285679
2011-04-05,10-Year,2200.0,1.305,3.972059779077323
2011-04-12,30-Year,700.0,2.247,3.3882778126964173
2011-04-14,5-Year,2400.0,0.533,3.5618886552701343
2011-04-21,20-Year,1100.0,2.035,2.920997506234414
2011-04-26,2-Year,2600.0,0.21,5.132151457278087
2011-05-12,10-Year,2200.0,1.131,2.734093637454982
2011-05-17,40-Year,400.0,2.225,3.1275637818909456
2011-05-19,5-Year,2400.0,0.451,3.246899507568849
2011-05-26,20-Year,1100.0,1.917,3.887578694913561
2011-05-30,2-Year,2600.0,0.174,5.312660641737833
2011-06-01,10-Year,2200.0,1.177,2.696388430990559
2011-06-07,30-Year,700.0,2.051,3.155960420920371
2011-06-09,5-Year,2400.0,0.416,3.2113769174579985
2011-06-15,20-Year,1100.0,1.934,2.453785644051131
2011-06-23,2-Year,2600.0,0.157,3.93880412371134
2011-07-05,10-Year,2200.0,1.171,3.2365440513180315
2011-07-07,30-Year,700.0,2.101,3.746681243167265
2011-07-14,5-Year,2400.0,0.381,3.516568667669447
2011-07-21,20-Year,1100.0,1.862,2.9792663476874
2011-07-28,2-Year,2600.0,0.162,4.721981862051751
2011-08-02,10-Year,2200.0,1.045,3.068137279533692
2011-08-09,40-Year,400.0,2.32,2.028264132066033
2011-08-11,5-Year,2400.0,0.32,3.3666154402458868
2011-08-25,20-Year,1100.0,1.862,3.115093588211868
2011-08-30,2-Year,2600.0,0.14,3.6203122418635383
2011-09-01,10-Year,2200.0,1.085,2.965617627867289
2011-09-06,30-Year,700.0,2.013,3.5536467280962047
2011-09-08,5-Year,2400.0,0.359,2.681112992540388
2011-09-13,20-Year,1100.0,1.756,3.394430631526604
2011-09-27,2-Year,2600.0,0.135,3.291147055191999
2011-10-04,10-Year,2200.0,0.997,3.153080118100385
2011-10-13,30-Year,700.0,1.944,3.274764890282132
2011-10-18,5-Year,2400.0,0.377,2.722756193312576
2011-10-20,20-Year,1100.0,1.759,3.5682682682682683
2011-10-26,2-Year,2600.0,0.149,4.070363096979067
2011-11-01,10-Year,2200.0,1.026,3.261946372397264
2011-11-10,40-Year,400.0,2.17,3.916458229114557
2011-11-15,5-Year,2400.0,0.331,3.514272644098811
2011-11-22,20-Year,1100.0,1.71,2.484003199360128
2011-11-29,2-Year,2700.0,0.147,3.601582901450324
2011-12-01,10-Year,2200.0,1.091,2.471912360562253
2011-12-08,30-Year,700.0,1.968,3.00077893752921
2011-12-13,5-Year,2500.0,0.361,2.960159362549801
2011-12-15,20-Year,1100.0,1.767,2.901388888888889
2011-12-22,2-Year,2700.0,0.137,4.222408762041812
2012-01-12,10-Year,2200.0,0.966,2.9914235851408626
2012-01-17,30-Year,700.0,1.918,3.519245753467352
2012-01-19,5-Year,2500.0,0.333,4.365293394237527
2012-01-26,20-Year,1100.0,1.745,3.1623880597014926
2012-01-31,2-Year,2700.0,0.13,5.348047200921769
2012-02-02,10-Year,2200.0,0.964,3.719414029298535
2012-02-09,40-Year,400.0,2.14,3.614267834793492
2012-02-16,5-Year,2500.0,0.297,3.886977351916376
2012-02-23,20-Year,1100.0,1.759,2.785393594732116
2012-02-28,2-Year,2700.0,0.112,5.145013778505532
2012-03-01,10-Year,2200.0,0.974,3.2581889211659822
2012-03-06,30-Year,700.0,1.968,3.966490024937656
2012-03-08,5-Year,2500.0,0.295,3.736004867872044
2012-03-15,20-Year,1100.0,1.803,3.257377213163949
2012-03-29,2-Year,2700.0,0.117,5.615856818272412
2012-04-03,10-Year,2300.0,1.008,2.731806251491291
2012-04-12,30-Year,700.0,1.918,4.129481759824643
2012-04-17,5-Year,2500.0,0.291,3.760661635661636
2012-04-24,20-Year,1200.0,1.716,3.337979094076655
2012-04-26,2-Year,2700.0,0.112,5.665771865860011
2012-05-08,10-Year,2300.0,0.864,3.735096798926586
2012-05-15,40-Year,400.0,2.04,3.992737290257952
2012-05-17,5-Year,2500.0,0.225,3.2188138170758203
2012-05-24,20-Year,1200.0,1.653,3.7315000913575735
2012-05-29,2-Year,2700.0,0.1,9.79414850686037
2012-06-05,10-Year,2300.0,0.864,2.9530893536121674
2012-06-07,30-Year,700.0,1.871,3.163573990332138
2012-06-12,5-Year,2500.0,0.222,3.117224673414656
2012-06-14,20-Year,1200.0,1.7,2.4992715352394828
2012-06-26,2-Year,2700.0,0.1,8.217284842646114
2012-07-03,10-Year,2300.0,0.839,3.103243992164732
2012-07-10,30-Year,700.0,1.853,4.087017873941675
2012-07-19,5-Year,2500.0,0.185,4.439219631687153
2012-07-26,20-Year,1200.0,1.555,3.324072381648693
2012-07-31,2-Year,2700.0,0.097,11.836235807507371
2012-08-02,10-Year,2300.0,0.774,2.6407145586549485
2012-08-07,40-Year,400.0,2.035,3.4847270906359538
2012-08-21,5-Year,2500.0,0.235,3.277436617247127
2012-08-23,20-Year,1200.0,1.663,2.376656612741065
2012-08-30,2-Year,2700.0,0.1,12.616175462645648
2012-09-04,10-Year,2300.0,0.807,2.839845242644249
2012-09-06,30-Year,700.0,1.907,4.457772912105098
2012-09-11,5-Year,2500.0,0.206,3.1900153273483687
2012-09-13,20-Year,1200.0,1.676,4.53680479825518
2012-09-27,2-Year,2700.0,0.1,11.389412646443928
2012-10-04,10-Year,2300.0,0.769,3.399214721604617
2012-10-11,30-Year,700.0,1.936,5.104449648711944
2012-10-16,5-Year,2500.0,0.195,5.505779334500875
2012-10-18,20-Year,1200.0,1.689,3.809132420091325
2012-10-25,2-Year,2700.0,0.1,14.93985957873621
2012-11-01,10-Year,2300.0,0.778,4.051079892966361
2012-11-08,40-Year,400.0,2.115,3.818068068068068
2012-11-13,5-Year,2500.0,0.189,4.9578011247220894
2012-11-15,20-Year,1200.0,1.683,3.6700428871247377
2012-11-27,2-Year,2700.0,0.097,13.87234127939642
2012-12-04,10-Year,2300.0,0.732,3.84874109263658
2012-12-06,30-Year,700.0,1.934,4.07632277196816
2012-12-13,5-Year,2500.0,0.165,3.5409749901449783
2012-12-18,20-Year,1200.0,1.75,3.1086087904104613
2012-12-26,2-Year,2700.0,0.094,9.727089302288045
2013-01-08,10-Year,2300.0,0.825,3.524266284896206
2013-01-10,30-Year,700.0,1.999,3.520422425842522
2013-01-16,5-Year,2500.0,0.159,3.443555089008441
2013-01-24,20-Year,1200.0,1.764,3.047791783803392
2013-01-31,2-Year,2700.0,0.074,10.128150585968855
2013-02-05,10-Year,2400.0,0.797,2.7516984943077487
2013-02-13,40-Year,400.0,2.12,3.506513026052104
2013-02-19,5-Year,2700.0,0.125,3.810765928146138
2013-02-21,20-Year,1200.0,1.759,2.563170332666788
2013-02-28,2-Year,2700.0,0.049,5.142931185710868
2013-03-05,10-Year,2400.0,0.645,2.3711283691183187
2013-03-08,30-Year,700.0,1.828,3.325541530310114
2013-03-12,5-Year,2700.0,0.122,3.117310328146416
2013-03-14,20-Year,1200.0,1.639,3.114170707163114
2013-03-28,2-Year,2900.0,0.064,5.478928209554547
2013-04-02,10-Year,2400.0,0.558,3.219398054688934
2013-04-11,30-Year,600.0,1.545,3.642481407582079
2013-04-16,5-Year,2700.0,0.279,3.092760637225247
2013-04-18,20-Year,1200.0,1.536,3.679876104582308
2013-04-25,2-Year,2900.0,0.127,5.270432242115514
2013-05-01,10-Year,2400.0,0.6,3.706258857952727
2013-05-14,30-Year,500.0,1.784,3.5705534893896305
2013-05-16,5-Year,2700.0,0.408,3.393881608309328
2013-05-21,40-Year,400.0,1.955,2.641410352588147
2013-05-28,20-Year,1200.0,1.694,2.535711028003284
2013-05-30,2-Year,2900.0,0.152,4.820303427608167
2013-06-04,10-Year,2400.0,0.871,3.1427789435270506
2013-06-06,30-Year,600.0,1.881,4.064767779390421
2013-06-14,5-Year,2700.0,0.365,4.356343737332793
2013-06-18,20-Year,1200.0,1.693,4.230181818181818
2013-06-27,2-Year,2900.0,0.147,5.444747867724076
2013-07-02,10-Year,2400.0,0.885,2.407790543324026
2013-07-04,30-Year,600.0,1.894,3.964259664478482
2013-07-17,5-Year,2700.0,0.297,4.275880167958657
2013-07-25,20-Year,1200.0,1.727,2.612246760357729
2013-07-30,2-Year,2900.0,0.13,9.26557291081395
2013-08-01,10-Year,2400.0,0.802,3.5146045742628824
2013-08-09,30-Year,500.0,1.804,4.136443276390714
2013-08-13,5-Year,2700.0,0.285,5.514130523564486
2013-08-20,40-Year,400.0,1.92,3.373466833541928
2013-08-27,20-Year,1200.0,1.693,3.387822270981898
2013-08-29,2-Year,2900.0,0.112,5.554631606547552
2013-09-03,10-Year,2400.0,0.766,3.5006211751713985
2013-09-10,30-Year,600.0,1.81,3.8681760087639216
2013-09-12,5-Year,2700.0,0.265,3.297404703974047
2013-09-18,20-Year,1200.0,1.666,3.214839121319843
2013-09-27,2-Year,2900.0,0.097,5.498600798477669
2013-10-01,10-Year,2400.0,0.683,3.7377800174080353
2013-10-10,30-Year,600.0,1.633,4.070107999267802
2013-10-16,5-Year,2700.0,0.232,4.831673875785522
2013-10-22,20-Year,1200.0,1.478,4.335036962672264
2013-10-29,2-Year,2900.0,0.097,7.958033617830122
2013-11-06,10-Year,2400.0,0.606,3.69203913822408
2013-11-12,30-Year,500.0,1.618,4.40233428760185
2013-11-14,5-Year,2700.0,0.195,5.026449851245059
2013-11-19,20-Year,1200.0,1.519,4.751537402478201
2013-11-26,40-Year,400.0,1.76,4.1280060120240485
2013-11-28,2-Year,2900.0,0.087,6.526745885969187
2013-12-05,10-Year,2400.0,0.65,4.008496762044734
2013-12-10,30-Year,600.0,1.707,4.15288725939505
2013-12-12,5-Year,2700.0,0.197,4.433917006476373
2013-12-17,20-Year,1200.0,1.59,4.494537509104151
2013-12-25,2-Year,2900.0,0.097,5.551478381638098
2014-01-07,10-Year,2400.0,0.72,3.842081094732975
2014-01-15,30-Year,600.0,1.672,3.3434877781831447
2014-01-21,5-Year,2700.0,0.208,3.724707307226484
2014-01-23,20-Year,1200.0,1.54,5.318252730109204
2014-01-30,2-Year,2900.0,0.084,7.174379232505643
2014-02-04,10-Year,2400.0,0.6,3.213891800738344
2014-02-06,30-Year,500.0,1.6,3.4261040664626146
2014-02-14,5-Year,2700.0,0.187,4.074771210486353
2014-02-19,20-Year,1200.0,1.469,3.673960612691466
2014-02-25,40-Year,400.0,1.725,3.68562124248497
2014-02-27,2-Year,2900.0,0.074,5.147649492290335
2014-03-04,10-Year,2400.0,0.6,3.516133455210237
2014-03-06,30-Year,600.0,1.647,4.280021637216011
2014-03-14,5-Year,2700.0,0.204,3.806162738633126
2014-03-18,20-Year,1200.0,1.542,3.69074512661687
2014-03-27,2-Year,2700.0,0.084,6.578459315161977
2014-04-01,10-Year,2400.0,0.636,4.763454202858587
2014-04-11,30-Year,700.0,1.7,2.934045226130653
2014-04-15,5-Year,2700.0,0.191,4.668021294753525
2014-04-17,20-Year,1200.0,1.474,3.994339967135293
2014-04-24,2-Year,2700.0,0.089,5.901355603969983
2014-05-08,10-Year,2400.0,0.604,3.5404245606026024
2014-05-13,30-Year,600.0,1.71,4.616596446235574
2014-05-15,5-Year,2700.0,0.185,4.617099768922041
2014-05-20,20-Year,1200.0,1.46,3.5639762881896946
2014-05-27,40-Year,400.0,1.79,3.7326658322903623
2014-05-29,2-Year,2700.0,0.087,6.20033032549146
2014-06-03,10-Year,2400.0,0.609,3.7445215485756025
2014-06-05,30-Year,700.0,1.717,2.9964440321583177
2014-06-12,5-Year,2700.0,0.183,4.467269911143719
2014-06-17,20-Year,1200.0,1.464,2.7093641194795675
2014-06-26,2-Year,2700.0,0.084,4.828013186459757
2014-07-03,10-Year,2400.0,0.563,3.4311135321621498
2014-07-10,30-Year,700.0,1.71,3.117974918718068
2014-07-18,5-Year,2700.0,0.147,4.136971816665989
2014-07-23,20-Year,1200.0,1.413,3.769689190428165
2014-07-29,2-Year,2700.0,0.067,5.937922930426678
2014-08-05,10-Year,2400.0,0.523,4.286947339424269
2014-08-12,30-Year,600.0,1.679,4.062740076824584
2014-08-14,5-Year,2700.0,0.147,4.874368378158109
2014-08-19,20-Year,1200.0,1.343,3.623110052231284
2014-08-26,40-Year,400.0,1.76,2.540060090135203
2014-08-28,2-Year,2700.0,0.069,5.877303097793075
2014-09-02,10-Year,2400.0,0.521,3.5830719578162644
2014-09-09,30-Year,700.0,1.687,3.567180445274793
2014-09-11,5-Year,2700.0,0.179,3.6930063948515337
2014-09-17,20-Year,1200.0,1.438,3.891778062625893
2014-09-30,2-Year,2700.0,0.077,6.438894452233126
2014-10-02,10-Year,2400.0,0.517,3.478035234670187
2014-10-15,30-Year,700.0,1.637,2.5852743473503206
2014-10-17,5-Year,2700.0,0.138,4.535168818474321
2014-10-21,20-Year,1200.0,1.323,3.5892283695751903
2014-10-28,2-Year,2700.0,0.017,4.798569003153044
2014-11-05,10-Year,2400.0,0.441,3.499773960216998
2014-11-11,30-Year,600.0,1.489,3.024213950126491
2014-11-13,5-Year,2700.0,0.164,3.703723041085988
2014-11-18,20-Year,1200.0,1.301,2.8774599125364437
2014-11-26,40-Year,400.0,1.585,3.1754254254254253
2014-11-28,2-Year,2700.0,0.009,5.857085923800415
2014-12-02,10-Year,2400.0,0.484,3.0077819240921086
2014-12-09,30-Year,700.0,1.464,3.1189550614212407
2014-12-16,5-Year,2700.0,0.083,4.2363300096494045
2014-12-18,20-Year,1200.0,1.15,3.7148185208769218
2014-12-25,2-Year,2700.0,0.0,5.6578233463655945
2015-01-06,10-Year,2400.0,0.298,3.4244278993285526
2015-01-14,30-Year,700.0,1.131,3.5676305970149254
2015-01-20,5-Year,2700.0,0.0,4.378175843552136
2015-01-22,20-Year,1200.0,0.912,3.2585152040909504
2015-01-29,2-Year,2700.0,0.009,4.250117279124316
2015-02-03,10-Year,2400.0,0.36,2.6844651332603138
2015-02-05,30-Year,600.0,1.49,2.6707803992740478
2015-02-13,5-Year,2700.0,0.131,3.285435392687192
2015-02-17,20-Year,1200.0,1.275,3.5102373618409133
2015-02-24,40-Year,400.0,1.55,3.397246558197747
2015-02-26,2-Year,2700.0,0.032,4.394489941957541
2015-03-03,10-Year,2400.0,0.431,2.770027972669326
2015-03-05,30-Year,700.0,1.526,3.764806733167082
2015-03-12,5-Year,2700.0,0.126,3.6402915784329695
2015-03-18,20-Year,1200.0,1.212,3.4161228054049086
2015-03-26,2-Year,2500.0,0.034,4.799182619918262
2015-04-02,10-Year,2400.0,0.373,2.7466373867691463
2015-04-09,30-Year,800.0,1.384,2.8566730611126334
2015-04-14,5-Year,2500.0,0.083,3.37781181619256
2015-04-16,20-Year,1200.0,1.078,2.6338399927186678
2015-04-23,40-Year,400.0,1.47,2.5819364523392543
2015-04-28,2-Year,2500.0,0.002,3.9031933508311454
2015-05-12,10-Year,2400.0,0.445,2.241330599225336
2015-05-14,30-Year,800.0,1.526,2.741400575579005
2015-05-19,5-Year,2500.0,0.102,2.8008259074114323
2015-05-26,20-Year,1200.0,1.228,2.909683340982102
2015-05-28,2-Year,2500.0,0.002,3.8287614658957527
2015-06-02,10-Year,2400.0,0.453,2.707410972088547
2015-06-04,30-Year,800.0,1.534,3.067269488971092
2015-06-11,20-Year,1200.0,1.3,2.5643191626113304
2015-06-16,5-Year,2500.0,0.124,2.872840419513469
2015-06-18,40-Year,400.0,1.59,2.601800900450225
2015-06-25,2-Year,2500.0,0.002,3.7132356120551737
2015-07-02,10-Year,2400.0,0.517,2.6187814933577647
2015-07-09,30-Year,800.0,1.451,2.212310195227765
2015-07-16,5-Year,2500.0,0.118,3.2037126431737395
2015-07-22,20-Year,1200.0,1.188,3.0925449871465296
2015-07-28,2-Year,2500.0,0.007,3.838376771033759
2015-08-04,10-Year,2400.0,0.404,2.844335964231945
2015-08-11,30-Year,800.0,1.451,3.3026315789473686
2015-08-13,5-Year,2500.0,0.091,3.447007019226577
2015-08-18,20-Year,1200.0,1.148,2.9905617153853203
2015-08-25,40-Year,400.0,1.535,2.2968984492246123
2015-08-27,2-Year,2500.0,0.009,4.388065539571472
2015-09-01,10-Year,2400.0,0.422,3.516471399035148
2015-09-08,30-Year,800.0,1.416,3.1087791495198904
2015-09-10,5-Year,2500.0,0.069,3.485748218527316
2015-09-16,20-Year,1200.0,1.181,2.5561458142516944
2015-09-29,2-Year,2500.0,0.012,3.714496271891798
2015-10-01,10-Year,2400.0,0.339,3.0267105744603
2015-10-08,30-Year,800.0,1.353,3.3294408572606127
2015-10-14,5-Year,2500.0,0.055,2.7873607873607877
2015-10-20,20-Year,1200.0,1.083,3.040496466751223
2015-10-22,2-Year,2500.0,0.012,4.196992089020256
2015-10-27,40-Year,400.0,1.475,2.888054094665665
2015-11-05,10-Year,2400.0,0.32,2.801888955114392
2015-11-12,30-Year,800.0,1.388,3.1705234159779616
2015-11-17,5-Year,2500.0,0.039,4.107914611254202
2015-11-25,20-Year,1200.0,1.08,3.5858937906998074
2015-11-27,2-Year,2500.0,-0.002,5.182177175200737
2015-12-01,10-Year,2400.0,0.322,3.556363636363636
2015-12-08,30-Year,800.0,1.4,3.9340373011519474
2015-12-15,5-Year,2500.0,0.037,4.251512759800053
2015-12-17,20-Year,1200.0,1.048,3.072563607972812
2015-12-22,2-Year,2500.0,-0.009,4.716288269693843
2016-01-05,10-Year,2400.0,0.258,3.2509491789030696
2016-01-07,30-Year,800.0,1.226,3.7328358208955215
2016-01-19,5-Year,2500.0,0.018,4.096347856733777
2016-01-21,20-Year,1200.0,0.928,3.4877558479532165
2016-01-28,2-Year,2500.0,-0.014,4.841722521575328
2016-02-02,10-Year,2400.0,0.092,3.136456675005685
2016-02-09,30-Year,800.0,1.083,3.0440528634361232
2016-02-16,20-Year,1200.0,0.792,3.502700228832952
2016-02-18,5-Year,2500.0,-0.12,3.565692949703492
2016-02-23,40-Year,400.0,1.13,3.055291468601451
2016-02-25,2-Year,2500.0,-0.176,4.344095940959409
2016-03-01,10-Year,2400.0,-0.015,3.198180904063257
2016-03-08,30-Year,800.0,0.767,4.207134003580774
2016-03-10,5-Year,2500.0,-0.132,3.5930110810575
2016-03-17,20-Year,1200.0,0.443,3.0798898071625342
2016-03-25,2-Year,2300.0,-0.211,5.01384542437174
2016-04-05,10-Year,2400.0,-0.064,3.8887668223015655
2016-04-14,30-Year,800.0,0.411,3.38958904109589
2016-04-19,5-Year,2400.0,-0.222,4.357757437070938
2016-04-21,20-Year,1100.0,0.272,3.554691394954632
2016-04-27,2-Year,2300.0,-0.248,4.199193739625327
2016-05-10,10-Year,2400.0,-0.091,3.436192660550459
2016-05-12,30-Year,800.0,0.332,3.009676979691972
2016-05-17,5-Year,2400.0,-0.221,4.147755925365607
2016-05-19,20-Year,1100.0,0.295,3.362736273627363
2016-05-26,40-Year,400.0,0.4,3.069604406609915
2016-05-31,2-Year,2300.0,-0.235,5.517571121204877
2016-06-02,10-Year,2400.0,-0.092,4.10546839159556
2016-06-07,30-Year,800.0,0.32,3.4218986124467645
2016-06-09,5-Year,2400.0,-0.23,4.664496607372088
2016-06-23,20-Year,1100.0,0.226,3.6120836250875263
2016-06-28,2-Year,2300.0,-0.295,4.957231019470889
2016-07-05,10-Year,2400.0,-0.24,3.6368097596771234
2016-07-12,30-Year,800.0,0.144,2.641836173721825
2016-07-14,5-Year,2400.0,-0.361,3.4523636363636365
2016-07-20,20-Year,1100.0,0.155,3.4617382617382617
2016-07-26,40-Year,400.0,0.345,2.8933667083854817
2016-07-28,2-Year,2300.0,-0.332,3.945803625518431
2016-08-02,10-Year,2400.0,-0.02,3.161088635527768
2016-08-09,30-Year,800.0,0.432,3.0686517783291976
2016-08-18,5-Year,2400.0,-0.163,3.5720844811753905
2016-08-23,20-Year,1100.0,0.288,3.8725303379801423
2016-08-30,2-Year,2300.0,-0.191,4.438756417022502
2016-09-01,10-Year,2400.0,-0.044,3.738992408557626
2016-09-06,30-Year,800.0,0.507,3.131945401902661
2016-09-08,5-Year,2400.0,-0.173,3.0333302727022318
2016-09-13,20-Year,1100.0,0.442,3.332631156585415
2016-09-27,40-Year,500.0,0.56,2.7298758510212253
2016-09-29,2-Year,2300.0,-0.254,3.77969010727056
2016-10-04,10-Year,2400.0,-0.056,3.8179096227371137
2016-10-12,30-Year,800.0,0.519,3.644625812698852
2016-10-14,5-Year,2400.0,-0.201,4.310514459105328
2016-10-25,20-Year,1100.0,0.367,3.488592772057339
2016-10-27,2-Year,2300.0,-0.235,4.408155432957543
2016-11-08,10-Year,2400.0,-0.055,4.350602576534146
2016-11-10,30-Year,800.0,0.519,3.4986153420105235
2016-11-15,5-Year,2400.0,-0.15,3.560396496081143
2016-11-17,20-Year,1100.0,0.477,3.1716201340938657
2016-11-25,40-Year,500.0,0.725,2.977986792075245
2016-11-29,2-Year,2300.0,-0.154,4.274784948820222
2016-12-01,10-Year,2400.0,0.04,3.776033847413676
2016-12-08,30-Year,800.0,0.633,2.8520513883133027
2016-12-13,5-Year,2400.0,-0.057,4.4778590150365565
2016-12-15,20-Year,1100.0,0.656,3.346390091632262
2016-12-27,2-Year,2300.0,-0.154,4.512319740234934
2017-01-05,10-Year,2400.0,0.059,3.593377666943752
2017-01-11,30-Year,800.0,0.755,3.3337484433374844
2017-01-17,20-Year,1100.0,0.594,3.5377234622765377
2017-01-19,5-Year,2400.0,-0.104,3.664015447565629
2017-01-24,40-Year,500.0,0.865,2.991991991991992
2017-01-30,2-Year,2300.0,-0.171,5.187404507257448
2017-02-02,10-Year,2400.0,0.092,3.615490945952173
2017-02-09,30-Year,800.0,0.92,3.234236725663717
2017-02-14,5-Year,2400.0,-0.085,4.259266071921273
2017-02-23,20-Year,1100.0,0.671,4.049617552334944
2017-02-28,2-Year,2300.0,-0.24,3.92651497005988
2017-03-02,10-Year,2400.0,0.086,3.7423002666176335
2017-03-07,30-Year,800.0,0.829,3.1442201327433628
2017-03-09,5-Year,2400.0,-0.11,2.8585542714706547
2017-03-14,20-Year,1100.0,0.68,3.783960555443752
2017-03-22,40-Year,500.0,0.935,2.946957566052842
2017-03-30,2-Year,2200.0,-0.199,3.815913891962579
2017-04-04,10-Year,2300.0,0.067,3.9615884476534298
2017-04-13,30-Year,800.0,0.797,3.083632844899088
2017-04-18,5-Year,2200.0,-0.152,3.284769870285972
2017-04-20,20-Year,1000.0,0.565,4.056883576803895
2017-04-28,2-Year,2200.0,-0.191,5.514610471256852
2017-05-09,10-Year,2300.0,0.031,3.7610244559984594
2017-05-11,30-Year,800.0,0.822,3.352387543252595
2017-05-16,5-Year,2200.0,-0.113,3.593468525134605
2017-05-18,20-Year,1000.0,0.565,3.837444444444445
2017-05-25,40-Year,500.0,0.965,2.865119071442866
2017-05-30,2-Year,2200.0,-0.159,5.055892830264412
2017-06-01,10-Year,2300.0,0.053,3.644175317185698
2017-06-06,30-Year,800.0,0.822,3.631710016602103
2017-06-08,5-Year,2200.0,-0.063,4.712121974538318
2017-06-13,20-Year,1000.0,0.586,3.977630121816168
2017-06-27,2-Year,2200.0,-0.102,6.785734407572257
2017-07-04,10-Year,2300.0,0.08,4.769840414060815
2017-07-06,30-Year,800.0,0.882,3.619384615384616
2017-07-11,5-Year,2200.0,-0.033,4.849153952843273
2017-07-13,20-Year,1000.0,0.611,4.189269013044548
2017-07-25,40-Year,500.0,1.045,3.1986781494091727
2017-07-27,2-Year,2200.0,-0.114,5.346356916578669
2017-08-01,10-Year,2300.0,0.074,4.211990743232335
2017-08-08,30-Year,800.0,0.88,3.900648949320148
2017-08-17,5-Year,2200.0,-0.081,4.457397366382649
2017-08-22,20-Year,1000.0,0.552,4.5065781384482975
2017-08-31,2-Year,2200.0,-0.146,4.965188096574958
2017-09-05,10-Year,2300.0,0.016,3.951262666881133
2017-09-07,30-Year,800.0,0.841,3.6708187756342094
2017-09-12,5-Year,2200.0,-0.104,4.069415536929741
2017-09-14,20-Year,1000.0,0.563,4.151884562756562
2017-09-26,40-Year,500.0,1.015,3.239887865438526
2017-09-28,2-Year,2200.0,-0.114,4.108870297523408
2017-10-03,10-Year,2300.0,0.082,4.084479166666667
2017-10-11,30-Year,800.0,0.884,3.979325353645266
2017-10-17,20-Year,1000.0,0.591,4.0541182352205976
2017-10-19,5-Year,2200.0,-0.082,4.240226597117056
2017-10-26,2-Year,2200.0,-0.141,5.9324974812493005
2017-11-01,10-Year,2300.0,0.062,4.551559139784946
2017-11-09,30-Year,800.0,0.8,3.4256140892939904
2017-11-14,5-Year,2200.0,-0.105,4.190388888888889
2017-11-16,20-Year,1000.0,0.574,4.131
2017-11-28,40-Year,500.0,1.005,3.001001001001001
2017-11-30,2-Year,2200.0,-0.164,4.755723924344652
2017-12-05,10-Year,2300.0,0.064,3.7043455359494337
2017-12-07,30-Year,800.0,0.85,4.377156177156177
2017-12-12,5-Year,2200.0,-0.102,4.381253497481813
2017-12-14,20-Year,1000.0,0.574,4.561314321140731
2017-12-26,2-Year,2200.0,-0.131,4.3192916849978005
2018-01-10,10-Year,2300.0,0.079,3.741989517479873
2018-01-12,40-Year,500.0,0.985,3.6737389911929546
2018-01-16,5-Year,2200.0,-0.082,5.235685901382437
2018-01-18,30-Year,800.0,0.837,3.767123287671233
2018-01-25,20-Year,1000.0,0.594,4.16585851050603
2018-01-30,2-Year,2200.0,-0.129,5.022143139580862
2018-02-01,10-Year,2300.0,0.09,4.584290689816499
2018-02-08,30-Year,800.0,0.822,4.272614813669398
2018-02-14,5-Year,2200.0,-0.093,4.671969739111087
2018-02-22,20-Year,1000.0,0.563,4.444252163164401
2018-02-27,2-Year,2200.0,-0.159,5.837032874402922
2018-03-01,10-Year,2300.0,0.062,4.533638074751277
2018-03-06,30-Year,800.0,0.753,4.235512285581827
2018-03-13,5-Year,2200.0,-0.106,4.181548452107709
2018-03-15,20-Year,1000.0,0.544,4.469250838613492
2018-03-27,40-Year,500.0,0.885,3.19019019019019
2018-03-29,2-Year,2100.0,-0.137,4.646406570841889
2018-04-03,10-Year,2200.0,0.033,4.1603620718556185
2018-04-12,30-Year,700.0,0.716,4.337285436205981
2018-04-17,5-Year,2000.0,-0.118,4.399778311472382
2018-04-19,20-Year,1000.0,0.505,3.694927896568871
2018-04-24,2-Year,2100.0,-0.134,5.393757572261005
2018-05-08,10-Year,2200.0,0.047,4.204811112993394
2018-05-15,30-Year,700.0,0.746,4.408224496999647
2018-05-17,5-Year,2000.0,-0.101,4.224126486029811
2018-05-22,20-Year,1000.0,0.533,4.119904976244061
2018-05-29,40-Year,400.0,0.865,3.923385077616425
2018-05-31,2-Year,2100.0,-0.144,4.908820787695176
2018-06-05,10-Year,2200.0,0.049,4.375430220939269
2018-06-19,30-Year,700.0,0.71,4.219700967458223
2018-06-21,5-Year,2000.0,-0.109,3.877434135166094
2018-06-26,20-Year,1000.0,0.508,4.232319575187063
2018-06-28,2-Year,2100.0,-0.127,4.883578012973711
2018-07-03,10-Year,2200.0,0.039,4.365946704067321
2018-07-05,30-Year,700.0,0.706,5.0079886383809695
2018-07-10,5-Year,2000.0,-0.105,4.869396656166707
2018-07-12,20-Year,1000.0,0.494,4.536915250031021
2018-07-24,40-Year,400.0,0.88,3.302377972465582
2018-07-26,2-Year,2100.0,-0.112,4.375262517961756
2018-08-02,10-Year,2200.0,0.138,4.174394240584538
2018-08-09,30-Year,700.0,0.853,4.678888130968622
2018-08-16,5-Year,2000.0,-0.074,3.948626534190532
2018-08-21,20-Year,1000.0,0.61,4.660089352196575
2018-08-30,2-Year,2100.0,-0.112,5.261767229053475
2018-09-05,10-Year,2200.0,0.114,4.547918303220738
2018-09-11,30-Year,700.0,0.838,4.231128001381931
2018-09-13,5-Year,2000.0,-0.069,5.534359538207807
2018-09-20,20-Year,1000.0,0.622,4.031623415811708
2018-09-26,40-Year,400.0,1.025,3.2357214428857715
2018-09-28,2-Year,2100.0,-0.109,4.3736712061138885
2018-10-02,10-Year,2200.0,0.142,4.208732934672233
2018-10-11,30-Year,700.0,0.9,3.919280930560451
2018-10-16,5-Year,2000.0,-0.053,4.883955292249435
2018-10-18,20-Year,1000.0,0.685,4.2300387354741975
2018-10-25,2-Year,2100.0,-0.116,5.308640552995391
2018-11-01,10-Year,2200.0,0.137,4.329623142550426
2018-11-13,30-Year,700.0,0.876,3.986323268206039
2018-11-15,5-Year,2000.0,-0.087,3.888063337393423
2018-11-20,20-Year,1000.0,0.615,3.907320099255583
2018-11-27,40-Year,400.0,0.94,3.853493613824192
2018-11-29,2-Year,2100.0,-0.132,4.662354759315437
2018-12-04,10-Year,2200.0,0.077,3.819540486281508
2018-12-11,30-Year,700.0,0.796,3.780449001237405
2018-12-13,5-Year,2000.0,-0.108,3.8394732050737392
2018-12-18,20-Year,1000.0,0.545,3.443055211686061
2018-12-26,2-Year,2100.0,-0.125,5.359879963065558
2019-01-08,10-Year,2200.0,0.016,4.041198078553264
2019-01-10,30-Year,700.0,0.716,4.027146912704046
2019-01-16,5-Year,2000.0,-0.144,5.146037619488128
2019-01-24,20-Year,1000.0,0.469,4.572106380322138
2019-01-29,40-Year,400.0,0.74,3.7864831038798497
2019-01-31,2-Year,2100.0,-0.166,6.075264394829612
2019-02-05,10-Year,2200.0,-0.012,4.798327872556773
2019-02-07,30-Year,700.0,0.589,4.719382321618744
2019-02-13,5-Year,2000.0,-0.149,4.842082563154652
2019-02-19,20-Year,1000.0,0.423,4.666208104052026
2019-02-28,2-Year,2100.0,-0.151,5.266643307638402
2019-03-05,10-Year,2200.0,0.0,4.25064238632555
2019-03-07,30-Year,700.0,0.624,4.560691601976005
2019-03-12,5-Year,2000.0,-0.155,4.712580744386343
2019-03-19,20-Year,1000.0,0.393,4.836924219910847
2019-03-26,40-Year,400.0,0.61,3.503006012024048
2019-03-28,2-Year,2000.0,-0.174,5.280720143042111
2019-04-02,10-Year,2100.0,-0.059,5.068230531078829
2019-04-04,30-Year,700.0,0.542,4.5545486851457
2019-04-09,5-Year,1900.0,-0.162,5.3142578125
2019-04-16,20-Year,900.0,0.367,5.1016902569740274
2019-04-23,2-Year,2000.0,-0.15,5.040933506204853
2019-05-08,10-Year,2100.0,-0.058,4.443568318229963
2019-05-14,30-Year,700.0,0.531,4.647795414462081
2019-05-16,5-Year,1900.0,-0.168,4.937751004016064
2019-05-22,20-Year,900.0,0.362,5.466059039586451
2019-05-28,40-Year,400.0,0.535,3.8738423028785984
2019-05-30,2-Year,2000.0,-0.166,5.44016731328807
2019-06-04,10-Year,2100.0,-0.103,3.986474669154084
2019-06-13,30-Year,700.0,0.349,3.473452823807913
2019-06-18,5-Year,1900.0,-0.226,4.510004418355109
2019-06-25,20-Year,900.0,0.212,4.082226693494299
2019-06-27,2-Year,2000.0,-0.211,4.393925095841935
2019-07-02,10-Year,2100.0,-0.137,3.9196886710867687
2019-07-04,30-Year,700.0,0.362,4.010791993037424
2019-07-09,5-Year,1900.0,-0.231,4.339654210819855
2019-07-17,20-Year,900.0,0.249,4.89398516890964
2019-07-23,40-Year,400.0,0.425,3.0222722722722724
2019-07-25,2-Year,2000.0,-0.208,4.706557577237758
2019-08-01,10-Year,2100.0,-0.15,3.761615335164514
2019-08-06,30-Year,700.0,0.299,3.498959417273673
2019-08-15,5-Year,1900.0,-0.31,4.676912262764394
2019-08-20,20-Year,900.0,0.114,3.808698045692265
2019-08-29,2-Year,2000.0,-0.309,5.403976751300092
2019-09-03,10-Year,2100.0,-0.264,3.596672504378284
2019-09-05,30-Year,700.0,0.144,3.449546089385475
2019-09-11,5-Year,1900.0,-0.302,3.611111111111111
2019-09-18,20-Year,900.0,0.21,3.476151761517615
2019-09-25,40-Year,400.0,0.435,2.690172543135784
2019-09-27,2-Year,2000.0,-0.327,3.7479596155008768
2019-10-01,10-Year,2100.0,-0.13,3.424056792809297
2019-10-10,30-Year,700.0,0.385,3.8719322502592464
2019-10-17,5-Year,1900.0,-0.274,3.694796150924285
2019-10-24,20-Year,900.0,0.249,3.9060119695321
2019-10-29,2-Year,2000.0,-0.208,4.811012086436333
2019-11-06,10-Year,2100.0,-0.094,3.621108179419525
2019-11-12,30-Year,700.0,0.464,3.661627702583934
2019-11-14,5-Year,1900.0,-0.188,4.030388692579505
2019-11-20,20-Year,900.0,0.268,4.207490431930016
2019-11-26,40-Year,400.0,0.46,3.502002002002002
2019-11-28,2-Year,2000.0,-0.183,4.129917712775542
2019-12-03,10-Year,2100.0,-0.026,3.282873822322409
2019-12-05,30-Year,700.0,0.432,3.689118264520644
2019-12-10,5-Year,1900.0,-0.066,4.021987913077022
2019-12-17,20-Year,900.0,0.289,4.104827773257391
2019-12-24,2-Year,2000.0,-0.095,4.68774154589372
2020-01-07,10-Year,2100.0,-0.003,3.704075674413173
2020-01-09,30-Year,700.0,0.433,3.655341506129597
2020-01-15,5-Year,1900.0,-0.087,4.481125424597834
2020-01-17,20-Year,900.0,0.305,3.8279234007877214
2020-01-28,40-Year,400.0,0.4,2.8637274549098195
2020-01-30,2-Year,2000.0,-0.147,4.489001899393419
2020-02-04,10-Year,2100.0,-0.049,3.634539337779614
2020-02-06,30-Year,700.0,0.428,3.7304424778761054
2020-02-18,5-Year,1900.0,-0.142,4.491430797195534
2020-02-20,20-Year,900.0,0.234,3.985405479829272
2020-02-28,2-Year,2000.0,-0.241,4.591138772491989
2020-03-03,10-Year,2100.0,-0.086,3.200444522430836
2020-03-05,30-Year,700.0,0.339,3.649806133239337
2020-03-10,5-Year,1900.0,-0.184,2.734247096897011
2020-03-12,20-Year,900.0,0.252,3.6922032056506384
2020-03-26,40-Year,400.0,0.45,2.657907907907908
2020-03-31,2-Year,2000.0,-0.112,4.283653846153846
2020-04-02,10-Year,2100.0,0.024,4.192596091397532
2020-04-07,30-Year,700.0,0.441,3.52673890248165
2020-04-09,5-Year,1900.0,-0.093,4.976834728440724
2020-04-21,20-Year,900.0,0.34,3.581701136830571
2020-04-23,2-Year,2000.0,-0.136,5.429214175654853
2020-05-12,10-Year,2100.0,0.0,4.089381522315901
2020-05-14,30-Year,700.0,0.453,3.688240495137047
2020-05-18,5-Year,1900.0,-0.119,4.491982081412711
2020-05-20,20-Year,900.0,0.335,4.246551017620543
2020-05-26,40-Year,500.0,0.505,3.057657657657657
2020-05-28,2-Year,2000.0,-0.169,5.276519592718297
2020-06-02,10-Year,2100.0,0.001,3.364864864864865
2020-06-04,30-Year,700.0,0.534,2.844998232591021
2020-06-18,5-Year,1900.0,-0.117,3.780519396412149
2020-06-25,20-Year,900.0,0.389,3.869571155422016
2020-06-30,2-Year,3000.0,-0.131,4.683003042512952
2020-07-02,10-Year,2600.0,0.06,3.660543509137392
2020-07-07,30-Year,900.0,0.615,3.92014742014742
2020-07-09,5-Year,2500.0,-0.101,4.25408618127786
2020-07-21,20-Year,1200.0,0.419,3.7999380932728015
2020-07-28,40-Year,500.0,0.575,3.106263758254953
2020-07-30,2-Year,3000.0,-0.13,4.561490070309609
2020-08-04,10-Year,2600.0,0.021,3.6379899402106863
2020-08-18,30-Year,900.0,0.625,3.444809641194193
2020-08-20,5-Year,2500.0,-0.091,3.5527026363591734
2020-08-25,20-Year,1200.0,0.405,3.919705792215753
2020-08-27,2-Year,3000.0,-0.114,4.664321649147205
2020-09-01,10-Year,2600.0,0.045,3.1538243626062323
2020-09-03,30-Year,900.0,0.617,3.4960479694739712
2020-09-08,5-Year,2500.0,-0.087,3.5564061043230777
2020-09-10,20-Year,1200.0,0.413,3.69307332927077
2020-09-24,40-Year,500.0,0.61,2.652713799319047
2020-09-29,2-Year,3000.0,-0.139,4.021913000897739
2020-10-01,10-Year,2600.0,0.025,4.062310174639332
2020-10-06,30-Year,900.0,0.643,3.514858233369684
2020-10-08,5-Year,2500.0,-0.089,4.895545088803846
2020-10-20,20-Year,1200.0,0.397,3.860094572368421
2020-10-27,2-Year,3000.0,-0.127,3.9840134107449514
2020-11-04,10-Year,2600.0,0.047,4.1250178665015005
2020-11-10,30-Year,900.0,0.645,3.762282742575613
2020-11-12,5-Year,2500.0,-0.105,3.5248428908091123
2020-11-18,20-Year,1200.0,0.391,3.61128332300062
2020-11-25,40-Year,500.0,0.665,2.670336269015212
2020-11-27,2-Year,3000.0,-0.134,3.21198650525898
2020-12-01,10-Year,2600.0,0.021,3.424794808169498
2020-12-03,30-Year,900.0,0.65,3.486843917895027
2020-12-08,5-Year,2500.0,-0.114,3.957942318085786
2020-12-10,20-Year,1200.0,0.372,3.0113834478515025
2020-12-24,2-Year,3000.0,-0.127,4.179558226662504
2021-01-06,10-Year,2600.0,0.022,3.404350092403924
2021-01-08,30-Year,900.0,0.652,2.9770114942528734
2021-01-13,5-Year,2500.0,-0.105,3.82893311003842
2021-01-19,20-Year,1200.0,0.448,3.346319018404908
2021-01-26,40-Year,500.0,0.685,2.864583333333333
2021-01-28,2-Year,3000.0,-0.124,4.971841392332321
2021-02-02,10-Year,2600.0,0.054,3.4187832807125016
2021-02-04,30-Year,900.0,0.665,3.4740065323897658
2021-02-16,5-Year,2500.0,-0.097,3.490533814775056
2021-02-18,20-Year,1200.0,0.488,3.1268801800879977
2021-02-26,2-Year,3000.0,-0.097,4.274670249145091
2021-03-02,10-Year,2600.0,0.134,3.139578719193252
2021-03-04,30-Year,900.0,0.7,2.765951669834374
2021-03-09,5-Year,2500.0,-0.054,3.250437572928821
2021-03-11,20-Year,1200.0,0.519,3.400679991757676
2021-03-25,40-Year,500.0,0.675,2.7998
2021-03-30,2-Year,3000.0,-0.119,3.623904804596764
2021-04-01,10-Year,2600.0,0.124,3.5431563913353963
2021-04-06,30-Year,900.0,0.691,3.1072885504487355
2021-04-08,5-Year,2500.0,-0.087,4.547271557908277
2021-04-20,20-Year,1200.0,0.439,3.3432106467040965
2021-04-28,2-Year,3000.0,-0.128,4.491688110117225
2021-05-11,10-Year,2600.0,0.074,3.038058675766624
2021-05-13,30-Year,900.0,0.649,3.1172190784155216
2021-05-19,5-Year,2500.0,-0.093,3.299685762629925
2021-05-21,20-Year,1200.0,0.45,3.47778700435956
2021-05-27,40-Year,600.0,0.71,2.801935591523444
2021-05-31,2-Year,3000.0,-0.124,3.967998084673397
2021-06-03,10-Year,2600.0,0.084,2.9419280442804427
2021-06-08,30-Year,900.0,0.697,3.3878108772888766
2021-06-22,5-Year,2500.0,-0.091,3.789650964120088
2021-06-24,20-Year,1200.0,0.436,3.61811505507956
2021-06-29,2-Year,3000.0,-0.114,4.291462618348024
2021-07-01,10-Year,2600.0,0.059,3.540778454510849
2021-07-06,30-Year,900.0,0.681,3.631629568562792
2021-07-08,5-Year,2500.0,-0.109,3.533356258596974
2021-07-13,20-Year,1200.0,0.408,3.5149938800489595
2021-07-27,40-Year,600.0,0.735,2.715835140997831
2021-07-29,2-Year,3000.0,-0.122,4.185334706488157
2021-08-03,10-Year,2600.0,0.012,3.333333333333333
2021-08-11,30-Year,900.0,0.651,3.071389645776567
2021-08-24,5-Year,2500.0,-0.116,3.75637742539151
2021-08-26,20-Year,1200.0,0.408,3.6531951995076417
2021-08-31,2-Year,3000.0,-0.127,4.503795183194518
2021-09-02,10-Year,2600.0,0.025,3.3571259525725377
2021-09-07,30-Year,900.0,0.655,3.000273560388456
2021-09-09,5-Year,2500.0,-0.101,4.418833727344365
2021-09-16,20-Year,1200.0,0.416,3.202523916140851
2021-09-28,40-Year,600.0,0.77,2.5252626313156576
2021-09-30,2-Year,3000.0,-0.114,4.244227603100028
2021-10-05,10-Year,2600.0,0.052,2.452378682429212
2021-10-12,30-Year,900.0,0.706,2.9041564123598578
2021-10-14,5-Year,2500.0,-0.077,3.8606597978997423
2021-10-19,20-Year,1200.0,0.475,2.6927970449415146
2021-10-27,2-Year,3000.0,-0.092,4.037856518630333
2021-11-01,10-Year,2600.0,0.112,3.136665880688517
2021-11-09,30-Year,900.0,0.685,3.4489262114537445
2021-11-16,5-Year,2500.0,-0.075,4.537145964114478
2021-11-18,20-Year,1200.0,0.466,3.781041666666667
2021-11-25,40-Year,600.0,0.725,2.3673673673673674
2021-11-30,2-Year,3000.0,-0.119,4.051713598761156
2021-12-02,10-Year,2600.0,0.063,3.1639406080603347
2021-12-07,30-Year,900.0,0.677,3.214422813271182
2021-12-09,5-Year,2500.0,-0.084,3.626211442908447
2021-12-16,20-Year,1200.0,0.455,3.657581263880477
2021-12-27,2-Year,3000.0,-0.09,4.248503359804521
2022-01-05,10-Year,2600.0,0.097,3.457955953856421
2022-01-07,30-Year,900.0,0.72,3.6286026499112154
2022-01-12,5-Year,2500.0,-0.037,3.335982623290714
2022-01-14,20-Year,1200.0,0.536,3.1789301086288173
2022-01-25,40-Year,600.0,0.76,2.574482297929192
2022-01-27,2-Year,3000.0,-0.049,3.87439534311716
2022-02-01,10-Year,2600.0,0.176,3.268738140417457
2022-02-03,30-Year,900.0,0.788,3.446993780234969
2022-02-15,5-Year,2500.0,0.044,3.386245224036124
2022-02-17,20-Year,1200.0,0.739,3.3915550978372813
2022-02-25,2-Year,3000.0,-0.017,4.558624111129486
2022-03-01,10-Year,2600.0,0.18,3.235302470888952
2022-03-03,30-Year,900.0,0.895,3.118014145056164
2022-03-08,5-Year,2500.0,-0.003,3.291533113072637
2022-03-10,20-Year,1200.0,0.648,2.9282098956719347
2022-03-29,40-Year,600.0,1.095,2.193731243747916
2022-03-31,2-Year,2800.0,-0.022,5.426785792878834
2022-04-05,10-Year,2700.0,0.203,3.610638982038679
2022-04-07,30-Year,900.0,0.993,3.0490209502944
2022-04-12,5-Year,2500.0,0.029,3.613836974209774
2022-04-14,20-Year,1200.0,0.742,3.1020114942528734
2022-04-27,2-Year,2800.0,-0.05,4.340285157633723
2022-05-10,10-Year,2700.0,0.248,5.742723991410426
2022-05-12,30-Year,900.0,1.026,3.0792092894664087
2022-05-18,5-Year,2500.0,0.019,3.4023659852497152
2022-05-20,20-Year,1200.0,0.759,3.7650108887275744
2022-05-26,40-Year,700.0,1.07,2.415903890160183
2022-05-31,2-Year,2800.0,-0.054,5.425939833016742
2022-06-02,10-Year,2700.0,0.241,4.859687485763747
2022-06-07,30-Year,900.0,1.055,3.111906400550585
2022-06-21,5-Year,2500.0,0.089,3.1653882318008613
2022-06-23,20-Year,1200.0,0.913,3.38145285935085
2022-06-28,2-Year,2800.0,-0.044,3.8139910009338656
2022-07-05,10-Year,2700.0,0.25,5.045871139217304
2022-07-07,30-Year,900.0,1.24,3.24533259576822
2022-07-12,5-Year,2500.0,0.039,3.917120237506185
2022-07-14,20-Year,1200.0,0.908,3.6321579109694655
2022-07-26,40-Year,700.0,1.345,2.7048149735676525
2022-07-28,2-Year,2800.0,-0.072,4.332435297235227
2022-08-02,10-Year,2700.0,0.174,3.01631254283756
2022-08-09,30-Year,900.0,1.127,2.9523940941079068
2022-08-16,5-Year,2500.0,-0.003,3.3988844464188754
2022-08-18,20-Year,1200.0,0.755,3.281854880447159
2022-08-30,2-Year,2800.0,-0.079,3.611989604898031
2022-09-01,10-Year,2700.0,0.239,4.013661077351853
2022-09-06,30-Year,900.0,1.24,3.27829928216455
2022-09-13,5-Year,2500.0,0.042,3.7874746876080407
2022-09-15,20-Year,1200.0,0.945,2.506144003249721
2022-09-27,40-Year,700.0,1.52,2.3629735525375266
2022-09-29,2-Year,2800.0,-0.042,4.779004789781799
2022-10-04,10-Year,2700.0,0.25,5.551556021324099
2022-10-12,30-Year,900.0,1.496,2.8865766262403527
2022-10-14,5-Year,2500.0,0.083,3.992565238798621
2022-10-18,20-Year,1200.0,1.133,3.263390562352216
2022-10-27,2-Year,2800.0,-0.027,4.1553911205074
2022-11-01,10-Year,2700.0,0.249,5.242742490254529
2022-11-09,30-Year,900.0,1.567,3.2822591727360177
2022-11-15,5-Year,2500.0,0.064,3.30554461296041
2022-11-17,20-Year,1200.0,1.039,3.0346297836938434
2022-11-25,40-Year,700.0,1.58,2.354580534514792
2022-11-29,2-Year,2800.0,-0.024,4.028237542899344
2022-12-01,10-Year,2700.0,0.25,6.028484901685394
2022-12-06,30-Year,900.0,1.489,3.0005494505494505
2022-12-08,5-Year,2500.0,0.125,3.5789551430400315
2022-12-15,20-Year,1200.0,1.103,2.903163462516529
2022-12-27,2-Year,2900.0,0.055,3.77859702599168
2023-01-05,10-Year,2700.0,0.5,4.764244689579725
2023-01-11,30-Year,900.0,1.654,3.1045367586772343
2023-01-13,5-Year,2500.0,0.399,3.661498326442213
2023-01-19,20-Year,1200.0,1.342,3.364874625941596
2023-01-26,40-Year,700.0,1.625,2.554444126893398
2023-01-31,2-Year,2900.0,-0.007,3.726729146346635
2023-02-02,10-Year,2700.0,0.495,4.61128332300062
2023-02-07,30-Year,900.0,1.551,3.3231782626595305
2023-02-16,5-Year,2500.0,0.216,3.9767327463229862
2023-02-21,20-Year,1200.0,1.314,3.048326381117102
2023-02-28,2-Year,2900.0,-0.024,4.111663381609392
2023-03-02,10-Year,2700.0,0.5,7.550262665835634
2023-03-07,30-Year,900.0,1.425,2.997269997269997
2023-03-14,5-Year,2500.0,0.132,3.260512467417499
2023-03-16,20-Year,1200.0,1.118,2.846020053202374
2023-03-28,40-Year,700.0,1.465,2.6939562794684955
2023-03-30,2-Year,2900.0,-0.057,3.8919737506309935
2023-04-04,10-Year,2700.0,0.468,3.774064292869502
2023-04-06,30-Year,900.0,1.357,3.1856632793188684
2023-04-11,5-Year,2500.0,0.159,3.94733992814607
2023-04-20,20-Year,1200.0,1.096,2.962821833161689
2023-04-26,2-Year,2900.0,-0.037,3.704514767932489
2023-05-09,10-Year,2700.0,0.435,3.5998808760194265
2023-05-11,30-Year,900.0,1.257,3.4887886245556468
2023-05-15,5-Year,2500.0,0.12,3.7033318568827207
2023-05-17,20-Year,1200.0,0.994,3.687609434545268
2023-05-25,40-Year,700.0,1.385,2.3773584905660377
2023-05-30,2-Year,2900.0,-0.054,3.768503131790873
2023-06-01,10-Year,2700.0,0.44,3.6886000911992713
2023-06-06,30-Year,900.0,1.263,3.075645249862713
2023-06-22,5-Year,2500.0,0.07,3.850066472992269
2023-06-27,20-Year,1200.0,0.961,3.025144479367333
2023-06-29,2-Year,2900.0,-0.06,4.26331636980492
2023-07-04,10-Year,2700.0,0.43,4.02422826783915
2023-07-06,30-Year,900.0,1.238,3.026692087702574
2023-07-11,5-Year,2500.0,0.132,4.680435210712879
2023-07-13,20-Year,1200.0,1.072,3.382310543657331
2023-07-25,40-Year,700.0,1.465,2.541220174310616
2023-07-27,2-Year,2900.0,-0.042,3.9496585945120657
2023-08-01,10-Year,2700.0,0.603,3.6361593837406576
2023-08-08,30-Year,900.0,1.595,3.5043322789162428
2023-08-15,5-Year,2500.0,0.195,3.346062407132244
2023-08-17,20-Year,1200.0,1.385,2.79536523929471
2023-08-29,2-Year,2900.0,0.02,3.2059563937363995
2023-09-05,10-Year,2700.0,0.668,4.019289199889513
2023-09-07,30-Year,900.0,1.656,3.4607532073389438
2023-09-12,5-Year,2500.0,0.295,4.414908370480436
2023-09-14,20-Year,1200.0,1.437,3.942061855670103
2023-09-26,40-Year,700.0,1.725,2.949971412235563
2023-09-28,2-Year,2900.0,0.05,3.2734427894380502
2023-10-03,10-Year,2700.0,0.77,3.933761762680744
2023-10-05,30-Year,900.0,1.716,3.05858198740761
2023-10-11,5-Year,2500.0,0.334,4.056266363681273
2023-10-17,20-Year,1200.0,1.589,2.972683228533141
2023-10-30,2-Year,2900.0,0.115,3.0445843614396324
2023-11-02,10-Year,2700.0,0.915,3.621648916636063
2023-11-09,30-Year,900.0,1.751,3.60437594605752
2023-11-14,5-Year,2500.0,0.421,4.165664135686816
2023-11-21,20-Year,1200.0,1.432,3.539929839042509
2023-11-28,40-Year,700.0,1.81,2.207547169811321
2023-11-30,2-Year,2900.0,0.052,2.910681009656107
2023-12-05,10-Year,2700.0,0.707,2.822538682733124
2023-12-07,30-Year,900.0,1.681,2.616057994802353
2023-12-12,5-Year,2500.0,0.331,3.8507448011405536
2023-12-14,20-Year,1200.0,1.467,2.5838802296964727
2023-12-26,2-Year,2900.0,0.074,3.340072202166065
2024-01-10,10-Year,2700.0,0.609,2.904117134070776
2024-01-12,30-Year,900.0,1.649,3.003441629955947
2024-01-16,5-Year,2500.0,0.204,3.788313609467456
2024-01-18,20-Year,1000.0,1.399,3.1259085869163483
2024-01-25,40-Year,700.0,1.925,2.147962830593281
2024-01-30,2-Year,2900.0,0.082,3.742043480103403
2024-02-01,10-Year,2700.0,0.748,3.6479849444597447
2024-02-07,30-Year,900.0,1.8,3.18071290411716
2024-02-09,5-Year,2500.0,0.316,3.4352644337802403
2024-02-20,20-Year,1000.0,1.513,3.852471200297287
2024-02-29,2-Year,2900.0,0.187,3.6174428017553577
2024-03-05,10-Year,2700.0,0.722,3.238873626373626
2024-03-07,30-Year,900.0,1.79,2.9344103838718585
2024-03-12,5-Year,2500.0,0.376,3.990853357065164
2024-03-14,20-Year,1000.0,1.585,3.0065863054554494
2024-03-27,40-Year,700.0,1.905,2.4867800485922538
2024-03-29,2-Year,2600.0,0.192,4.07201480146117
2024-04-02,10-Year,2600.0,0.755,3.798880811172757
2024-04-04,30-Year,900.0,1.815,3.4670253863134657
2024-04-09,5-Year,2300.0,0.408,3.877699368599777
2024-04-11,20-Year,1000.0,1.656,3.0455270585347893
2024-04-23,2-Year,2600.0,0.307,3.480744452397996
2024-05-08,10-Year,2600.0,0.862,3.151203623594076
2024-05-10,30-Year,900.0,2.008,3.24541048612131
2024-05-14,5-Year,2300.0,0.58,3.896865113603681
2024-05-16,20-Year,1000.0,1.742,3.646724023825281
2024-05-22,40-Year,700.0,2.27,2.205032885330283
2024-05-30,2-Year,2600.0,0.422,3.777111743843349
2024-06-04,10-Year,2600.0,1.051,3.661671644813446
2024-06-06,30-Year,900.0,2.161,3.591036002939016
2024-06-20,5-Year,2300.0,0.517,3.971466223571879
2024-06-25,20-Year,1000.0,1.849,3.273388910943496
2024-06-27,2-Year,2600.0,0.382,3.830955993930197
2024-07-02,10-Year,2600.0,1.093,3.2323047153477957
2024-07-04,30-Year,900.0,2.194,2.9717813051146384
2024-07-09,5-Year,2300.0,0.614,4.255896496450653
2024-07-11,20-Year,1000.0,1.917,3.801588352084712
2024-07-24,40-Year,700.0,2.42,2.199514077461769
2024-07-26,2-Year,2600.0,0.412,4.186898855927914
2024-08-06,10-Year,2600.0,0.981,2.975092766736136
2024-08-08,30-Year,900.0,2.239,3.467835430510392
2024-08-14,5-Year,2300.0,0.463,3.510879523591388
2024-08-20,20-Year,1000.0,1.717,3.422277748553393
2024-08-29,2-Year,2600.0,0.387,5.542307692307692
2024-09-03,10-Year,2600.0,0.925,3.1714544904747504
2024-09-05,30-Year,900.0,2.053,3.39802825191289
2024-09-10,5-Year,2300.0,0.525,3.758796561604584
2024-09-12,20-Year,1000.0,1.703,3.474941268598277
2024-09-26,40-Year,700.0,2.34,2.579782670860738
2024-09-30,2-Year,2600.0,0.397,3.814879069292785
2024-10-03,10-Year,2600.0,0.873,3.5288088925147867
2024-10-08,30-Year,900.0,2.157,3.3438281594821246
2024-10-10,5-Year,2300.0,0.568,3.7333639021035134
2024-10-24,20-Year,1000.0,1.82,3.036908436213992
2024-10-29,2-Year,2600.0,0.457,4.873842820563325
2024-11-07,10-Year,2600.0,1.002,3.133372647304536
2024-11-13,30-Year,900.0,2.28,3.435267219205487
2024-11-15,5-Year,2300.0,0.71,3.806969437303628
2024-11-21,20-Year,1000.0,1.907,3.5232865837523155
2024-11-27,40-Year,700.0,2.55,2.23642081189251
2024-11-29,2-Year,2600.0,0.589,3.62963524300293
2024-12-03,10-Year,2600.0,1.089,3.1156315842279523
2024-12-05,30-Year,900.0,2.294,3.4556943423952977
2024-12-10,5-Year,2300.0,0.736,4.417661506825841
2024-12-17,20-Year,1000.0,1.883,3.3785572468563867
2024-12-26,2-Year,2600.0,0.605,3.946939795153635
2025-01-07,10-Year,2600.0,1.141,3.356964604023428
2025-01-09,30-Year,900.0,2.305,3.722689075630252
2025-01-14,5-Year,2300.0,0.878,3.815813686026452
2025-01-16,20-Year,1000.0,1.985,3.789105776839884
2025-01-21,40-Year,700.0,2.57,2.751822730521801
2025-01-31,2-Year,2600.0,0.73,4.0603746691101605
2025-02-04,10-Year,2600.0,1.263,3.1808781581092096
2025-02-06,30-Year,900.0,2.294,3.7421932810418825
2025-02-14,5-Year,2300.0,0.989,3.516314668815101
2025-02-18,20-Year,1000.0,2.067,3.055708480796959
2025-02-27,2-Year,2600.0,0.833,3.163712826674677
2025-03-04,10-Year,2600.0,1.429,2.656596731894291
2025-03-06,30-Year,900.0,2.508,3.4997040544539804
2025-03-10,5-Year,2300.0,1.172,3.1657720420283235
2025-03-12,20-Year,1000.0,2.294,3.459355010660981
2025-03-27,40-Year,700.0,2.71,2.920262932266362
2025-03-31,2-Year,2600.0,0.869,3.4084798868000807
2025-04-03,10-Year,2600.0,1.418,3.147492625368732
2025-04-08,30-Year,800.0,2.457,2.9582084582084582
2025-04-10,5-Year,2400.0,0.947,3.835777607529824
2025-04-15,20-Year,1000.0,2.374,2.9639099746970303
2025-04-24,2-Year,2600.0,0.694,3.5801017811704834
2025-05-08,10-Year,2600.0,1.294,2.544026920919798
2025-05-13,30-Year,800.0,2.961,3.0739087301587302
2025-05-15,5-Year,2400.0,0.993,3.1893968288563177
2025-05-20,20-Year,1000.0,2.54,2.500732454388068
2025-05-28,40-Year,500.0,3.135,2.213642728545709
2025-05-30,2-Year,2600.0,0.756,3.769137852936736
2025-06-03,10-Year,2600.0,1.513,3.6627083227154578
2025-06-05,30-Year,800.0,2.938,2.92146164021164
2025-06-19,5-Year,2400.0,0.993,4.578261107763107
2025-06-24,20-Year,1000.0,2.385,3.107039282889533
2025-06-26,2-Year,2600.0,0.735,3.9028424033987457
2025-07-01,10-Year,2600.0,1.446,3.5069781553398056
2025-07-03,30-Year,700.0,2.827,3.5796334781787267
2025-07-08,5-Year,2400.0,0.993,3.541061743275078
2025-07-10,20-Year,800.0,2.496,3.146235842771486
2025-07-23,40-Year,400.0,3.375,2.1273136568284143
2025-07-29,2-Year,2600.0,0.844,4.4665048789119774
2025-08-05,10-Year,2600.0,1.479,3.059233796642256
2025-08-07,30-Year,700.0,3.099,3.4297211304510573
2025-08-13,5-Year,2400.0,1.062,2.961565604473156
2025-08-19,20-Year,800.0,2.591,3.0852994555353903
2025-08-28,2-Year,2600.0,0.874,2.840900176505197
2025-09-02,10-Year,2600.0,1.619,3.9155696327823417
2025-09-04,30-Year,700.0,3.277,3.3079532604598567
2025-09-10,5-Year,2400.0,1.126,3.6961223951464
2025-09-17,20-Year,800.0,2.662,3.997397950886323
2025-09-25,40-Year,400.0,3.3,2.6044066099148724
2025-09-30,2-Year,2700.0,0.964,2.813978851533975
2025-10-02,10-Year,2600.0,1.657,3.335638588984527
2025-10-07,30-Year,700.0,3.259,3.4109538002980626
2025-10-09,5-Year,2400.0,1.246,3.694566029678659
2025-10-15,20-Year,800.0,2.684,3.559886723305014
2025-10-31,2-Year,2700.0,0.933,4.350825583602202
2025-11-05,10-Year,2600.0,1.674,2.973456042625333
2025-11-11,30-Year,700.0,3.183,3.1247622670216813
2025-11-13,5-Year,2400.0,1.251,3.325771324863884
2025-11-19,20-Year,800.0,2.833,3.2825037456300983
2025-11-26,40-Year,400.0,3.555,2.585085085085085
2025-11-28,2-Year,2700.0,1.0,3.531006101887328
2025-12-02,10-Year,2600.0,1.877,3.591317212529334
2025-12-04,30-Year,700.0,3.434,4.0445290199809705
2025-12-09,5-Year,2400.0,1.444,3.167574858376045
2025-12-11,20-Year,800.0,2.919,4.095795548227535
2025-12-25,2-Year,2800.0,1.141,3.255618738153263
2026-01-06,10-Year,2600.0,2.101,3.303650753127393
2026-01-08,30-Year,700.0,3.457,3.138312059439893
2026-01-14,5-Year,2500.0,1.65,3.081120331950208
2026-01-20,20-Year,800.0,3.274,3.1916748930569265
2026-01-28,40-Year,400.0,3.72,2.759629814907454
2026-01-30,2-Year,2800.0,1.258,3.876367965566189
2026-02-03,10-Year,2600.0,2.256,3.019623588456713
2026-02-05,30-Year,700.0,3.623,3.635238095238096
2026-02-17,5-Year,2500.0,1.646,3.096076565143824
2026-02-19,20-Year,800.0,2.979,3.077037037037037
2026-02-27,2-Year,2800.0,1.251,3.3190715883668904
2026-03-03,10-Year,2600.0,2.129,3.3043499950114734
2026-03-05,30-Year,700.0,3.406,3.656037735849057
2026-03-11,5-Year,2500.0,1.636,3.688592839300583
2026-03-17,20-Year,800.0,3.146,3.246818923327896
2026-03-24,40-Year,400.0,3.6,2.540520260130065
2026-03-31,2-Year,2800.0,1.376,3.537428917684348
2026-04-02,10-Year,2600.0,2.395,2.565067100447336
2026-04-07,30-Year,600.0,3.71,3.1150088809946714
2026-04-09,5-Year,2500.0,1.835,3.584672109560179
2026-04-14,20-Year,700.0,3.329,4.820293165810013
2026-04-30,2-Year,2800.0,1.41,5.243623570800352
2026-05-12,10-Year,2600.0,2.544,3.9039466940030754
2026-05-14,30-Year,600.0,3.858,3.493838028169014
2026-05-18,5-Year,2500.0,2.034,3.216074940482352
2026-05-20,20-Year,700.0,3.715,4.01103081019399
2026-05-27,40-Year,300.0,3.84,2.701602136181576
2026-05-29,2-Year,2800.0,1.379,3.696303930294655
2026-06-02,10-Year,2600.0,2.656,3.529966228136499
2026-06-10,30-Year,600.0,3.888,2.936335403726708
2026-06-23,5-Year,2500.0,1.919,3.111892147091224
2026-06-25,20-Year,700.0,3.564,2.966817496229261
2026-06-30,2-Year,2800.0,1.41,4.817683663044488
2026-07-02,10-Year,2600.0,2.755,3.130151291324945
2026-07-07,30-Year,600.0,3.996,4.550450648494175
2026-07-09,5-Year,2500.0,2.026,3.432708956398552
2026-07-14,20-Year,700.0,3.626,4.52213222829158
2026-07-22,40-Year,300.0,3.865,2.8242161440960643
2026-07-30,2-Year,2800.0,1.487,3.62565592203898
2026-08-04,10-Year,2600.0,2.9,2.5579303723914912
2026-08-06,30-Year,600.0,3.952,3.86375603334796
2026-08-18,5-Year,2500.0,2.168,4.152122826257246
2026-08-20,20-Year,700.0,3.713,3.9823341477165943
2026-08-28,2-Year,2800.0,1.725,2.966206767968677
