date,tenor,tail_bp,source
2026-07-07,3-Year,-0.6,Helious
2026-07-08,10-Year,-0.6,Helious
2026-07-09,30-Year,-0.3,Helious
2026-07-22,20-Year,0.5,Helious
2026-07-27,2-Year,-0.5,Helious
2026-07-27,5-Year,0.9,Helious
2026-07-28,7-Year,0.2,Helious
2026-08-11,3-Year,-0.5,Helious
2026-08-12,10-Year,0.1,Helious
2026-08-13,30-Year,0.4,Helious
2026-08-19,20-Year,0.5,Helious
2026-08-25,2-Year,-0.4,Helious
2026-08-26,5-Year,0.2,Helious
2026-08-27,7-Year,0.0,Helious
2026-09-08,3-Year,-0.1,Helious
2026-09-09,10-Year,-1.5,Helious
2026-09-10,30-Year,-2.7,Helious
2026-09-15,20-Year,2.0,Helious
2026-09-22,2-Year,0.2,Helious
2026-09-23,5-Year,3.1,Helious
2026-09-24,7-Year,0.7,Helious
2026-10-06,3-Year,-0.2,Helious
2026-10-07,10-Year,-1.7,Helious
